subject_id,size,color_homogeneity,is_connected,bbox_area,fill_ratio,nn_chain_rate,success_iou_best,n_cells,n_chunks_total,n_trials,overall_error_rate,te1_rate,te2_rate,te3_rate,n_edits_total,n_motor,n_cognitive,n_wrong,motor_rate,cognitive_rate,motor_over_wrong,cognitive_over_wrong
02333qfj,6.545556631402785,0.9596868131868131,0.6294993894993896,23.45158427896889,0.6710541965172148,0.8253584155081838,0.17713080521614952,6.382361049207203,6.446153846153846,51.0,0.196078431372549,0.1372549019607843,0.0196078431372549,0.0392156862745098,2890,62,1471,1923,0.021453287197231833,0.5089965397923876,0.03224128965158606,0.764950598023921
03ljcqhc,5.499391427008209,0.978406362545018,0.6915588784533421,17.419386747911833,0.7401652073566687,0.8610697599432616,0.16710981258696783,5.3477927445488005,7.176470588235294,26.0,0.1153846153846153,0.0769230769230769,0.0384615384615384,0.0,1320,43,610,801,0.03257575757575758,0.4621212121212121,0.05368289637952559,0.7615480649188514
08vqizpx,6.037184981684982,0.944949531949532,0.48388156288156287,26.654989621489623,0.606831039716512,0.7293508080701138,0.14442644713176572,6.012160561660562,10.04,16.0,0.0625,0.0625,0.0,0.0,1140,38,597,792,0.03333333333333333,0.5236842105263158,0.047979797979797977,0.7537878787878788
095bdwyc,5.515740740740741,0.9482014704406304,0.48972663139329803,26.83699294532628,0.632022684420793,0.8527458570409084,0.16210915429754977,5.3351851851851855,6.111111111111111,14.0,0.3571428571428571,0.2142857142857142,0.0714285714285714,0.0714285714285714,561,21,235,350,0.0374331550802139,0.41889483065953653,0.06,0.6714285714285714
0fy66fv2,4.3040079365079364,0.9448159271284272,0.31976190476190475,31.85834325396825,0.45493306757004104,0.43048088334315276,0.0850538830107936,4.169156746031746,5.825,,,,,,1054,13,833,949,0.012333965844402278,0.7903225806451613,0.0136986301369863,0.8777660695468915
0hrc9vve,8.966036268695843,0.9903846153846154,0.5109068458137608,40.197266585364986,0.6090927347586749,0.7769864640369574,0.13448002910058834,8.631710178119752,6.980769230769231,13.0,0.3076923076923077,0.0769230769230769,0.0,0.2307692307692307,2224,92,1231,1489,0.04136690647482014,0.5535071942446043,0.06178643384822028,0.8267293485560779
0ra11hiv,5.031335621089126,0.9743859881614982,0.5808105656108765,15.75370961176229,0.6603797012185255,0.7965551093949478,0.1809078804846158,4.913762822299792,11.326530612244898,35.0,0.2,0.0857142857142857,0.1142857142857142,0.0,2624,69,1508,1819,0.026295731707317072,0.5746951219512195,0.03793293018141836,0.8290269378779549
0wk7vjg8,4.588169216030819,0.9800179211469534,0.7069990305682293,13.05356577461156,0.7571884990622093,0.8966040609484939,0.13248634380644392,4.508587507416852,8.451612903225806,28.0,0.1785714285714285,0.1428571428571428,0.0,0.0357142857142857,1260,69,594,854,0.05476190476190476,0.4714285714285714,0.08079625292740047,0.6955503512880562
0yfthc4y,5.484669754045875,0.959118425769571,0.6160699924034772,14.857198423449649,0.6972617165799718,0.8011759455874126,0.17353985093352786,5.182226326391539,10.788732394366198,51.0,0.2352941176470588,0.1372549019607843,0.0392156862745098,0.0588235294117647,5022,103,3138,3627,0.020509757068896853,0.6248506571087217,0.02839812517231872,0.8651778329197684
154uk6vm,7.776229725787997,0.9801174529640917,0.6659175984833879,20.225218628228497,0.7074156091234901,0.8099190181460296,0.1459796805945766,7.337086097642959,7.375,28.0,0.3571428571428571,0.1785714285714285,0.1071428571428571,0.0714285714285714,2646,93,1540,1881,0.035147392290249435,0.582010582010582,0.049441786283891544,0.8187134502923976
189iqcds,5.776341378182597,0.9565150290885586,0.651980715760396,16.01577843673581,0.6907268173061745,0.8221108310531305,0.17215820025452105,5.600296419200786,7.367647058823529,61.0,0.0491803278688524,0.0163934426229508,0.0327868852459016,0.0,2826,77,1403,1706,0.02724699221514508,0.4964614295824487,0.045134818288393906,0.8223915592028136
1qt2f29y,5.885187617539609,0.9276999652427734,0.5866571883370446,18.88220313712011,0.6721891673045644,0.7881941596391178,0.15516313559044498,5.712690546313398,9.41095890410959,46.0,0.3043478260869565,0.1956521739130435,0.0652173913043478,0.0434782608695652,3683,93,1833,2381,0.025251153950583763,0.4976920988324735,0.039059218815623686,0.7698446031079378
1r6yodve,5.497625220713024,0.906586644394114,0.5600125083661439,17.92448080833222,0.6593505392045264,0.7305094433471255,0.15051689540653812,5.457945218277267,12.220588235294118,38.0,0.1052631578947368,0.0789473684210526,0.0263157894736842,0.0,4557,124,1848,2411,0.027210884353741496,0.4055299539170507,0.051430941518042304,0.7664869348817918
1xogp17t,13.29023569023569,1.0,0.33375420875420875,49.40176767676768,0.4746187600512095,0.8475206496599292,0.0978102632190558,12.403872053872055,2.9166666666666665,,,,,,309,3,238,276,0.009708737864077669,0.7702265372168284,0.010869565217391304,0.8623188405797102
23iyreiv,5.25268972722087,0.9520574976402044,0.6527198689944022,20.996512719183173,0.7098439986356574,0.8151526331102226,0.15597833759356997,5.025226352617998,10.181818181818182,30.0,0.2,0.1666666666666666,0.0,0.0333333333333333,2209,73,948,1203,0.033046627433227706,0.4291534631054776,0.060681629260182876,0.7880299251870324
27d8totr,5.9766687017453375,0.9713279678068409,0.5919093634586592,22.056513881573945,0.6628574877283754,0.8043104155602775,0.1554421884996999,5.927766875871681,8.394366197183098,69.0,0.0289855072463768,0.0289855072463768,0.0,0.0,2989,81,1366,1720,0.027099364335898293,0.4570090331214453,0.04709302325581395,0.7941860465116279
2anyuqd8,5.144020754943215,0.9377344877344878,0.5289522925084422,16.048848799002542,0.6459044626686983,0.7704289459352622,0.16954602244396094,5.095417842703939,8.5,40.0,0.1,0.1,0.0,0.0,2015,55,869,1161,0.02729528535980149,0.4312655086848635,0.047372954349698536,0.7484926787252368
2d8q4qkc,7.55313555643205,0.9588778409090909,0.6921011481320171,18.77942335230826,0.7118096624672646,0.8193593037846654,0.18268010789490302,7.007803217911831,6.984375,58.0,0.0172413793103448,0.0172413793103448,0.0,0.0,3139,89,1414,1799,0.02835297865562281,0.45046193055113093,0.049471928849360754,0.7859922178988327
2j8p9vyz,4.866499460253081,0.9699204345037677,0.7066170124884127,15.278339078026164,0.7292486589241712,0.8224319072062412,0.15988697614199754,4.746764453624765,10.708333333333334,66.0,0.1363636363636363,0.0606060606060606,0.0303030303030303,0.0454545454545454,3441,126,1583,1995,0.036617262423714034,0.4600406858471375,0.06315789473684211,0.7934837092731829
2ke9hbes,4.220403930794498,0.9704817599554442,0.4821237634286624,29.045923415056073,0.6126562782331814,0.7157449444214932,0.16206976675683374,4.141433295961474,11.947368421052632,15.0,0.1333333333333333,0.1333333333333333,0.0,0.0,962,23,530,608,0.02390852390852391,0.5509355509355509,0.03782894736842105,0.8717105263157895
2tkm21z6,6.924990442546318,0.9370216769531838,0.5497959602682025,24.013755986863412,0.6521226051169824,0.7561716169932204,0.18159294614805718,6.875141739218884,6.506849315068493,65.0,0.1846153846153846,0.123076923076923,0.0153846153846153,0.0461538461538461,2983,91,1384,1767,0.030506201810258128,0.4639624539054643,0.05149971703452179,0.7832484436898698
2w766g1z,6.0243814522291155,0.9758101851851853,0.6764488100532366,15.84100254949997,0.7323111499206645,0.83185239515248,0.17301891521333237,5.849262146504971,7.291666666666667,60.0,0.2166666666666666,0.15,0.05,0.0166666666666666,3240,78,1688,2060,0.024074074074074074,0.5209876543209877,0.037864077669902914,0.8194174757281554
318gokyy,4.376543595293595,0.9696969696969697,0.6369836182336183,11.522692007067008,0.7372215178274816,0.8211899272754536,0.15478380683965032,4.199144605394605,5.916666666666667,19.0,0.3684210526315789,0.2631578947368421,0.0526315789473684,0.0526315789473684,615,18,402,456,0.02926829268292683,0.6536585365853659,0.039473684210526314,0.881578947368421
3cc6zm51,4.602743033793326,0.9519698224150279,0.5787311022418143,14.925300152454565,0.7055438802805575,0.7792885554449022,0.16389036185096717,4.458720389770681,10.575342465753424,59.0,0.1525423728813559,0.1016949152542373,0.0508474576271186,0.0,3512,104,1825,2245,0.029612756264236904,0.5196469248291572,0.046325167037861915,0.8129175946547884
3d2as981,5.257104063365053,0.9322222787686589,0.6438249818962054,15.32724427938965,0.7058948798832803,0.8137372348198744,0.14209166231553413,4.997354619964517,16.661538461538463,41.0,0.1951219512195122,0.1463414634146341,0.024390243902439,0.024390243902439,6022,138,2866,3511,0.022915974759216206,0.47592162072401195,0.039305041298775274,0.8162916547992025
3irnkhq8,6.597870560043284,0.9748699461727631,0.7239403210578671,18.256895674281886,0.736901512571065,0.8527036189924683,0.17967499647786297,6.080206394077451,8.76056338028169,58.0,0.2068965517241379,0.1379310344827586,0.0344827586206896,0.0344827586206896,3655,85,1863,2248,0.023255813953488372,0.5097127222982216,0.037811387900355875,0.8287366548042705
41kp06jx,5.556557256514944,0.9705102396689902,0.7140794103427622,13.72170286273077,0.7519322993705414,0.8524032096236215,0.16581134902000086,5.2211973861853505,8.617647058823529,59.0,0.2033898305084746,0.0847457627118644,0.0508474576271186,0.0677966101694915,3449,106,1422,2024,0.030733545955349377,0.41229341838213973,0.05237154150197629,0.7025691699604744
44o5xnxe,5.801627360985569,0.9678859952832555,0.6254999478882026,19.361209871899433,0.6863103089592545,0.8115035379105875,0.17395918127071752,5.696527455401834,7.561643835616438,69.0,0.0434782608695652,0.0144927536231884,0.0,0.0289855072463768,3098,97,1469,1806,0.03131052291801162,0.47417688831504196,0.05370985603543743,0.8133997785160576
4j6cy1mk,6.496469686252029,0.9681962634017429,0.6057559161178625,20.01064979283,0.695342619636925,0.7957102674196382,0.1723935654495947,6.206123492012148,8.698630136986301,64.0,0.21875,0.171875,0.046875,0.0,3730,114,1823,2226,0.030563002680965148,0.48873994638069707,0.05121293800539083,0.8189577717879605
4kl3i3tv,5.244285113393811,0.9607196724843784,0.7233882796464828,14.247621148158077,0.7495639557902026,0.922184906335645,0.1642052516050315,5.078965062268069,17.647058823529413,6.0,0.3333333333333333,0.1666666666666666,0.1666666666666666,0.0,1242,46,722,792,0.037037037037037035,0.5813204508856683,0.05808080808080808,0.9116161616161617
4s3cm7d8,5.3505585014239925,0.9527841197361746,0.58007801688918,22.639775025200567,0.6811026695564955,0.7578212241725452,0.17775796458862705,5.263160739368696,8.643835616438356,48.0,0.2916666666666667,0.1458333333333333,0.1041666666666666,0.0416666666666666,3058,94,1619,2157,0.030739045127534337,0.5294310006540223,0.04357904496986555,0.750579508576727
4s9g1cze,7.980967671462129,0.9607631700023005,0.6528541443716209,19.48566028789814,0.6997518023672407,0.827400841560148,0.1694328343388366,7.20746295556611,6.260869565217392,58.0,0.1724137931034483,0.1034482758620689,0.0517241379310344,0.0172413793103448,3351,92,1606,2064,0.027454491196657715,0.4792599224112205,0.044573643410852716,0.7781007751937985
4stfwpke,5.383307230963481,0.9734800170068028,0.7176828813547563,12.4327522737679,0.7555848491120686,0.8631515967934396,0.19043310458514617,4.79477342366269,10.78125,25.0,0.12,0.08,0.04,0.0,1975,61,754,1062,0.030886075949367087,0.3817721518987342,0.05743879472693032,0.7099811676082862
4wx63ymf,5.957144364667502,0.9681120291850887,0.658035242887783,18.64241039230372,0.708688553742215,0.8090218553998874,0.16017583544753997,5.71984238506116,8.095890410958905,67.0,0.0895522388059701,0.0895522388059701,0.0,0.0,3485,118,1602,2053,0.03385939741750359,0.4596843615494978,0.05747686312713103,0.7803214807598636
50nsp39w,6.093690141082213,0.9431179931179932,0.7279899709661947,10.92879108511099,0.7644390532188343,0.8835954045729923,0.16424353827094706,5.625562100942536,11.673913043478262,27.0,0.3333333333333333,0.2222222222222222,0.1111111111111111,0.0,3265,58,1777,2159,0.01776416539050536,0.5442572741194487,0.026864289022695692,0.8230662343677628
5hz183aa,7.205670781607682,0.9829696048935926,0.6103935991498173,17.74606456257332,0.7043149198044573,0.8749397857025525,0.14467460770883736,6.682326105205526,13.618181818181819,10.0,0.6,0.3,0.1,0.2,3533,95,2238,2774,0.026889329181998302,0.6334559864138126,0.03424657534246575,0.8067772170151406
5nrjvc7q,5.016545222412404,0.9674094752056073,0.6547388538061382,17.226089763221363,0.7326199074094067,0.7975283956344988,0.1695336484797851,4.931035409896835,10.452054794520548,59.0,0.2711864406779661,0.1694915254237288,0.0508474576271186,0.0508474576271186,3805,125,2025,2517,0.0328515111695138,0.5321944809461235,0.049662296384584824,0.8045292014302742
5pds9j1d,6.19659031027452,0.9714031852920741,0.6598474089263563,20.69608777187725,0.7279169229683041,0.8296224548855532,0.1535379890373919,6.150702864387075,6.466666666666667,27.0,0.0,0.0,0.0,0.0,1188,35,681,789,0.029461279461279462,0.5732323232323232,0.044359949302915085,0.8631178707224335
5vv1rrzw,4.937794739049956,0.9205057949105567,0.5087330711587965,24.641551324318183,0.6384846794162661,0.7514351026837166,0.2325207608949904,4.805503225953489,7.285714285714286,19.0,0.0526315789473684,0.0526315789473684,0.0,0.0,776,35,336,412,0.045103092783505154,0.4329896907216495,0.08495145631067962,0.8155339805825242
61zahdh9,6.245450436529773,0.9579968557785459,0.668976370715936,17.22346930777694,0.7119737240019052,0.818351237140509,0.1491654533448372,6.053634588273048,8.225352112676056,61.0,0.1475409836065573,0.081967213114754,0.0655737704918032,0.0,3539,112,1658,2150,0.031647358010737495,0.4684939248375247,0.052093023255813956,0.7711627906976745
648anokh,6.969000447200384,0.9722160944078752,0.6226793761130642,20.895758990416038,0.6627465051695038,0.7997177240117647,0.17146452880209562,6.702498332476937,6.684931506849315,69.0,0.1159420289855072,0.0579710144927536,0.0579710144927536,0.0,3236,86,1498,1846,0.02657601977750309,0.46291718170580964,0.04658721560130011,0.8114842903575298
6e5gb0yb,6.576003875329016,0.975307735981252,0.6354896108159606,20.48925678836638,0.6693431657797049,0.8215888315447235,0.1678108894074806,6.168718675376613,7.616438356164384,67.0,0.0597014925373134,0.044776119402985,0.0149253731343283,0.0,3662,128,1758,2217,0.034953577280174765,0.4800655379574003,0.05773567884528642,0.7929634641407307
6eyovdd2,5.3977143052732375,0.9637129507563298,0.6665988580678697,18.632219034255044,0.7084634927365846,0.8121987086974513,0.1712556447410929,5.249275928444132,9.698630136986301,57.0,0.175438596491228,0.1052631578947368,0.0701754385964912,0.0,3826,152,1810,2259,0.03972817564035546,0.47307893361212755,0.06728640991589199,0.8012394864984507
6p8vl3lk,7.321115216436577,0.9467268962921137,0.7442734528651352,13.63449786141185,0.7854509049650207,0.9003814824466998,0.17735171926928417,6.698419545168128,10.956521739130435,8.0,0.5,0.25,0.125,0.125,1179,27,678,837,0.022900763358778626,0.5750636132315522,0.03225806451612903,0.8100358422939068
72p6pxny,5.327118893845435,0.9601092164561645,0.6709453221219683,17.008881045852952,0.7326088351121008,0.8108311755274517,0.16028422119015032,5.191714496220057,14.273972602739725,58.0,0.2068965517241379,0.1034482758620689,0.1034482758620689,0.0,5093,162,2604,3125,0.03180836442175535,0.5112900058904378,0.05184,0.83328
74l1qvc1,4.885877228864897,0.9674159752284752,0.7500087987875186,10.838887099782806,0.77707128947,0.8676082117826991,0.12649206406881086,4.4971645469409625,11.613636363636363,25.0,0.28,0.12,0.08,0.08,2367,60,1310,1554,0.025348542458808618,0.5534431770173215,0.03861003861003861,0.842985842985843
7agy8y3l,5.519405202957923,0.9500866903264163,0.6507564566388185,14.57768844524973,0.7127968934076674,0.8325891348009377,0.17450113910555118,5.366183080332121,9.547945205479452,51.0,0.1176470588235294,0.0588235294117647,0.0392156862745098,0.0196078431372549,3830,109,1952,2520,0.02845953002610966,0.5096605744125327,0.04325396825396825,0.7746031746031746
7nszfy43,3.903163552981225,0.9269761323332752,0.6409612529826415,8.041259147779135,0.7567235759246447,0.8356762082196328,0.16103161322034149,3.720724415058216,12.0,16.0,0.3125,0.1875,0.0625,0.0625,1450,30,914,1108,0.020689655172413793,0.6303448275862069,0.02707581227436823,0.8249097472924187
7o2tmcr2,3.958133315516519,0.9729166666666667,0.7461136471981856,8.052230592914686,0.7910240487079243,0.9296767490566875,0.19676486745475233,3.8148360491936684,23.9,5.0,0.6,0.6,0.0,0.0,1037,10,644,717,0.009643201542912247,0.6210221793635486,0.01394700139470014,0.898186889818689
89u58v07,5.996871806386278,0.9608733617980193,0.6974297677208636,16.930715394550457,0.7333881573057558,0.843765003859945,0.1610543604893457,5.721481854731413,9.479452054794521,56.0,0.1428571428571428,0.0892857142857142,0.0357142857142857,0.0178571428571428,3983,106,1996,2496,0.026613105699221692,0.5011298016570425,0.04246794871794872,0.7996794871794872
8aknstxj,5.665704433799965,0.9674450676956943,0.7028218655602739,18.508548967011187,0.7337551368906404,0.8638220078536294,0.18095605330818632,5.442605817255591,9.492063492063492,51.0,0.1372549019607843,0.0784313725490196,0.0588235294117647,0.0,3041,68,1370,1659,0.02236106543900033,0.4505097007563302,0.040988547317661245,0.8257986738999398
8bgj1tsd,5.63296794871575,0.9624415584415584,0.6615006300050288,20.03154421912486,0.7114004538336408,0.8337066002761734,0.15769468021000882,5.4849055038204595,8.254545454545454,42.0,0.1666666666666666,0.1428571428571428,0.0238095238095238,0.0,2647,79,1359,1559,0.029845107669059314,0.5134114091424253,0.05067350865939705,0.8717126363053239
8d21w3yr,5.409044588459174,0.9517837905519066,0.6452682739477977,17.45284557042555,0.716975023483773,0.7801490212653366,0.16356528595919212,5.118607157958885,11.08695652173913,46.0,0.1956521739130435,0.0869565217391304,0.0434782608695652,0.0652173913043478,3993,118,1967,2468,0.029551715502128727,0.4926120711244678,0.04781199351701783,0.7970016207455429
8jwr3j6t,6.12497773373631,0.9671672077922078,0.6702483549342468,18.76033237119751,0.6986703485839639,0.7960836679057928,0.14579295665961195,5.9200111094515036,6.96969696969697,62.0,0.2096774193548387,0.0967741935483871,0.064516129032258,0.0483870967741935,2823,99,1603,1966,0.03506907545164718,0.5678356358483883,0.05035605289928789,0.8153611393692777
8oohxrrz,5.957972637481624,0.9683547806835479,0.722140491651405,15.18135261804156,0.7324833378346606,0.8176679722144603,0.17682895762414053,5.627194174332702,8.178082191780822,65.0,0.1692307692307692,0.123076923076923,0.0307692307692307,0.0153846153846153,3436,104,1693,2078,0.030267753201396973,0.4927240977881257,0.05004812319538017,0.814725697786333
8psac9uo,5.274532554322566,0.964191017500068,0.5743796466175124,22.446062504808854,0.6687260342577446,0.7689907632936595,0.1529132301358501,5.182063229389071,12.191780821917808,64.0,0.140625,0.078125,0.015625,0.046875,4165,159,1996,2575,0.03817527010804322,0.47923169267707083,0.06174757281553398,0.7751456310679612
8y2nd2sh,5.092849811646541,0.9681741501775749,0.7102500313051061,13.23002571647617,0.7469868111777103,0.8476287160235174,0.15971629964459688,4.889890964670731,11.821917808219178,70.0,0.1142857142857142,0.0714285714285714,0.0428571428571428,0.0,4068,142,1837,2362,0.034906588003933134,0.4515732546705998,0.060118543607112614,0.7777307366638442
8yhijukj,6.561605286972611,0.9387673026561916,0.604886739519415,21.00161456112114,0.6761422415525215,0.781745110354716,0.16386978396476834,6.304574908725128,7.111111111111111,48.0,0.2083333333333333,0.1041666666666666,0.0416666666666666,0.0625,3031,112,1634,2029,0.03695150115473441,0.5390960079181788,0.05519960571710202,0.8053228191227205
904h81sn,6.52672545203876,0.9582581011474306,0.6381229595244184,16.941981646605466,0.7051721277494897,0.800704433700976,0.17181421048376647,6.2830105498099265,7.191780821917808,73.0,0.0547945205479452,0.0273972602739726,0.0,0.0273972602739726,3328,105,1512,1870,0.03155048076923077,0.4543269230769231,0.05614973262032086,0.8085561497326204
91fk0af9,5.097914021619455,0.9495514926630518,0.7461826069688973,13.031072644421542,0.7693530205956409,0.8457210097638109,0.1691402217942817,4.901364970390862,11.444444444444445,26.0,0.1153846153846153,0.1153846153846153,0.0,0.0,2095,45,1140,1310,0.021479713603818614,0.5441527446300716,0.03435114503816794,0.8702290076335878
9evwb372,6.337782070870307,0.9627277021919879,0.6518109425137074,20.024384985252087,0.6966703961852508,0.8180941316025739,0.16463508569801916,6.141878946217181,6.885714285714286,62.0,0.1451612903225806,0.0967741935483871,0.032258064516129,0.0161290322580645,3032,104,1442,1767,0.03430079155672823,0.47559366754617416,0.0588568194680249,0.8160724391624222
9ohxtpht,5.402535407924862,0.9535904544466188,0.6806102422908467,21.174919845730486,0.7294403536469193,0.8168396065364449,0.168417277398195,5.35068020953037,8.575342465753424,65.0,0.0923076923076923,0.0769230769230769,0.0,0.0153846153846153,3156,87,1468,1860,0.027566539923954372,0.46514575411913817,0.0467741935483871,0.789247311827957
9pjr0waw,5.233941731066657,0.9980158730158729,0.6514347862010498,11.789263018865157,0.7385680838620634,0.8613466334919424,0.1654306766089928,4.994912367634375,8.166666666666666,33.0,0.1212121212121212,0.0606060606060606,0.0606060606060606,0.0,1674,46,876,1020,0.027479091995221028,0.5232974910394266,0.045098039215686274,0.8588235294117647
9wkeb5tu,6.123563899868247,0.9490376984126984,0.6217044670305539,35.22409349708263,0.660683183250159,0.760801447720063,0.22112245132909142,6.022476943346509,7.05,19.0,0.1578947368421052,0.0,0.0526315789473684,0.1052631578947368,716,28,246,359,0.03910614525139665,0.3435754189944134,0.07799442896935933,0.6852367688022284
a0w1xgxf,5.973224794350614,0.9744397759103641,0.7008445111086934,15.507483422630708,0.7256780364129098,0.8470874023632273,0.168274918382455,5.637354206611343,8.485294117647058,38.0,0.2368421052631578,0.1052631578947368,0.0263157894736842,0.1052631578947368,3325,76,1908,2325,0.022857142857142857,0.5738345864661654,0.032688172043010756,0.8206451612903226
a589fsqz,6.666332326091724,0.9628910634118968,0.6003636198994823,22.993671658545065,0.6802896562958427,0.7897221924718372,0.16368160742408858,6.2209121043844,7.847222222222222,62.0,0.032258064516129,0.032258064516129,0.0,0.0,3516,95,1596,2044,0.0270193401592719,0.4539249146757679,0.04647749510763209,0.7808219178082192
a6jpzpek,5.609645791564965,0.9393192360658114,0.637662692580696,17.024621599184798,0.6672991078534307,0.7907897140940727,0.14568118705188332,5.284247394976156,6.232876712328767,26.0,0.1923076923076923,0.1538461538461538,0.0384615384615384,0.0,2578,73,1427,1712,0.028316524437548486,0.5535298681148176,0.04264018691588785,0.8335280373831776
a9gvtd1o,5.579770278349128,0.9829243827160494,0.6772344812413745,16.259024909245166,0.7153309732084471,0.8309330598373014,0.1709554308415854,5.405562873756086,9.277777777777779,64.0,0.15625,0.140625,0.015625,0.0,3793,113,1748,2229,0.029791721592407065,0.4608489322436066,0.05069537909376402,0.7842081650964559
aqmjput5,4.765322481448885,0.9730831602260174,0.7427063820718718,9.444135675442851,0.7979096153648303,0.8665262642947025,0.15347456822438685,4.483208578061241,20.923076923076923,41.0,0.1219512195121951,0.073170731707317,0.024390243902439,0.024390243902439,6015,165,2491,3292,0.02743142144638404,0.4141313383208645,0.05012150668286756,0.7566828675577156
ascil7wf,5.374809530776919,0.9662401525415223,0.6570216637042068,19.921130436670204,0.7022235228347303,0.8059125732015361,0.16299750336710192,5.146509225002529,10.63013698630137,66.0,0.0606060606060606,0.0454545454545454,0.0151515151515151,0.0,3785,128,1828,2339,0.03381770145310436,0.48295904887714664,0.05472424112868747,0.781530568619068
aypxap78,6.446678533485807,0.9709665144596652,0.6646635067198778,14.048896934151113,0.7211448794013158,0.8056072402523671,0.176526391457381,5.99212555579826,7.671232876712328,70.0,0.1428571428571428,0.0857142857142857,0.0428571428571428,0.0142857142857142,3486,105,1710,2135,0.030120481927710843,0.4905335628227194,0.04918032786885246,0.8009367681498829
b73rrttr,4.677993579586716,0.9525613275613275,0.528971083382848,20.722318775995248,0.6129263509714167,0.7297337099693535,0.15422667354653485,4.573607397504457,3.986111111111111,11.0,0.3636363636363636,0.1818181818181818,0.1818181818181818,0.0,1396,47,769,989,0.0336676217765043,0.5508595988538681,0.047522750252780584,0.7775530839231547
bcyhma9y,4.695284702526082,0.9528054623671683,0.6163823787961719,11.849199217130252,0.71858948565062,0.7955873039946447,0.12703286752296367,4.4580561775389365,8.444444444444445,24.0,0.2916666666666667,0.1666666666666666,0.0416666666666666,0.0833333333333333,1942,57,1033,1388,0.029351184346035016,0.5319258496395468,0.04106628242074928,0.7442363112391931
bdfn1h0o,4.188656158656158,0.9335357142857142,0.515024013024013,15.346619824619825,0.6282806372054823,0.7998376213733357,0.15276697629209252,4.050362304362304,11.16,22.0,0.1818181818181818,0.1363636363636363,0.0454545454545454,0.0,1311,66,666,856,0.05034324942791762,0.5080091533180778,0.07710280373831775,0.7780373831775701
bhpug29p,5.853386273930364,0.9703335879806468,0.5611556100768108,19.878916325492312,0.6435854272871636,0.7449338164770493,0.1569366076170333,5.569808657050684,9.461538461538462,22.0,0.1363636363636363,0.1363636363636363,0.0,0.0,1399,36,624,761,0.02573266619013581,0.44603288062902074,0.04730617608409987,0.8199737187910644
bmlngyh3,6.684292379105158,0.9626382711656685,0.6501728950205731,16.08443596588028,0.7098091376775464,0.8300194016233315,0.1762654706424285,6.1660805183732945,15.36986301369863,53.0,0.2641509433962264,0.1698113207547169,0.0754716981132075,0.0188679245283018,7530,200,3982,5230,0.02656042496679947,0.5288180610889774,0.03824091778202677,0.761376673040153
bw2cwy0m,5.74414512915427,0.9672067901234568,0.5967254151254335,20.904505703495204,0.6834058565239001,0.7744411430109345,0.15948155951663068,5.6055745888090724,8.541666666666666,65.0,0.1384615384615384,0.0923076923076923,0.0307692307692307,0.0153846153846153,3274,112,1565,1969,0.03420891875381796,0.47800855222968847,0.056881665820213305,0.7948197054342305
bx44xwzb,7.207867059362911,0.9413202474846311,0.5500920611004362,27.534102431226163,0.6359422388765649,0.7795015432167387,0.152358739582735,7.0803530075772185,8.794520547945206,67.0,0.0597014925373134,0.0298507462686567,0.0149253731343283,0.0149253731343283,3458,100,1633,2105,0.02891844997108155,0.4722382880277617,0.047505938242280284,0.7757719714964371
byx9jkxm,6.4262908369274205,0.9710567398399791,0.6720303803099935,19.94559388145206,0.712941780420192,0.8488227407887733,0.16808317871347214,6.193473582554969,8.191780821917808,71.0,0.0704225352112676,0.056338028169014,0.0140845070422535,0.0,3332,98,1600,2020,0.029411764705882353,0.4801920768307323,0.048514851485148516,0.7920792079207921
c2lwacqc,5.456496318703875,0.9814890991361579,0.6877288060474278,14.2155930306736,0.7331865632527378,0.8514379697060591,0.17829236913178528,5.306634108287438,9.030303030303031,56.0,0.1607142857142857,0.125,0.0357142857142857,0.0,3055,96,1490,1882,0.031423895253682485,0.4877250409165303,0.05100956429330499,0.7917109458023379
c7ac53of,5.3466820024111685,0.9609953703703703,0.6451058201058202,13.42242880576214,0.7389269636691088,0.8280286658570776,0.1173669818407708,5.33279311352228,5.097222222222222,,,,,,1979,57,1352,1663,0.028802425467407782,0.6831733198585144,0.034275405892964524,0.8129885748647023
c7z6erey,5.5557774884064415,0.9624487466219366,0.6705209086239462,16.883140140316513,0.7084271294645224,0.8037737551011676,0.18122312803243232,5.491311274230925,8.698630136986301,63.0,0.0952380952380952,0.0793650793650793,0.0158730158730158,0.0,3212,101,1508,1886,0.03144458281444583,0.46948941469489414,0.0535524920466596,0.799575821845175
c9sps7bl,5.887513538258278,0.970656664492281,0.7468248467696225,15.074949037396205,0.7486206229298491,0.8635778277447882,0.15927098066979772,5.442047585014747,8.917808219178083,52.0,0.0192307692307692,0.0,0.0192307692307692,0.0,3689,112,1641,2084,0.030360531309297913,0.4448359989156953,0.053742802303262956,0.7874280230326296
cbvc5e3w,3.874517172460382,0.9843452380952381,0.6290662609129674,12.718068028286583,0.7147034798166422,0.8003938691341136,0.1879957544636872,3.819230434109128,10.8,23.0,0.217391304347826,0.0869565217391304,0.0,0.1304347826086956,1473,31,863,1095,0.021045485403937542,0.5858791581805839,0.028310502283105023,0.7881278538812785
cdo2cmtp,5.866911036808996,0.9540986394557823,0.6514491744083581,15.388637473637473,0.7092231338022202,0.7852680160397377,0.18006923388303314,5.847091853724507,7.3061224489795915,42.0,0.0952380952380952,0.0238095238095238,0.0,0.0714285714285714,2086,69,886,1165,0.03307766059443912,0.4247363374880153,0.0592274678111588,0.7605150214592274
ce9qdbyh,7.20665494369576,0.9770408163265306,0.669171225599797,17.777929881909476,0.7233854955807596,0.8500618741292945,0.16980701928846403,6.471805167621494,6.73469387755102,42.0,0.2142857142857142,0.119047619047619,0.0714285714285714,0.0238095238095238,2426,87,1084,1379,0.03586150041220115,0.4468260511129431,0.0630891950688905,0.7860768672951414
cfclud8z,5.7009084336165445,0.9649421296296296,0.64034042054157,19.92368747842589,0.6910802427627918,0.8258566618903308,0.16316114248090313,5.56139447001216,10.083333333333334,68.0,0.1617647058823529,0.1323529411764706,0.0147058823529411,0.0147058823529411,3354,93,1600,2025,0.027728085867620753,0.4770423375074538,0.045925925925925926,0.7901234567901234
cghxa2ie,5.172597518868056,0.9553692244896284,0.6945163758067731,20.682777818958876,0.715998062142273,0.8169055506846469,0.16410877584577296,4.9961305016727415,11.246575342465754,68.0,0.2058823529411764,0.1617647058823529,0.0294117647058823,0.0147058823529411,3705,103,1893,2321,0.027800269905533064,0.5109311740890689,0.04437742352434296,0.8155967255493322
clhkwrie,5.772948065633404,0.9584045670066202,0.6706777562556718,13.874776001453032,0.7314236406185631,0.849100142123407,0.16298296181296407,5.6810817946984695,10.347222222222221,52.0,0.25,0.1153846153846153,0.0576923076923076,0.0769230769230769,3947,121,1996,2589,0.030656194578160628,0.5057005320496579,0.04673619157976053,0.7709540363074546
clucow7d,5.98211583680334,0.9835235920852359,0.7268395995121554,13.388608533188249,0.7605528992081584,0.8437344600065481,0.15645820132046734,5.517584912046477,10.63013698630137,63.0,0.1746031746031746,0.0793650793650793,0.0634920634920634,0.0317460317460317,4219,120,2001,2634,0.02844275894761792,0.4742830054515288,0.04555808656036447,0.7596810933940774
cp3b83py,6.613590606941954,0.9654524534319054,0.6695144438440518,15.072827835891898,0.7087181861456539,0.8055054061262895,0.20303520661304808,6.254487128944438,7.767123287671233,72.0,0.0833333333333333,0.0416666666666666,0.0277777777777777,0.0138888888888888,3432,98,1598,2011,0.028554778554778556,0.46561771561771564,0.048731974142217804,0.7946295375435107
cuybsfwr,6.440148796153207,0.9445987143695855,0.6811207587520739,14.950706957548377,0.7301231143992704,0.831582082307017,0.1535333983249082,6.1872182630402355,8.344827586206897,40.0,0.25,0.15,0.05,0.05,3018,74,1681,2164,0.024519549370444003,0.5569913850231941,0.034195933456561925,0.7768022181146026
cw4tyx7n,4.54187748015873,0.9819863883053221,0.5517113095238095,13.67531001984127,0.673552819353286,0.8190227167827908,0.13608622110992014,4.320138888888889,4.640625,26.0,0.3076923076923077,0.1153846153846153,0.0769230769230769,0.1153846153846153,1488,48,953,1125,0.03225806451612903,0.6404569892473119,0.042666666666666665,0.8471111111111111
d1vjrjhc,6.539789911575476,0.951714699731941,0.6372750062925269,14.941298183206602,0.7181244900414913,0.8074328298191962,0.16054989784770113,6.274442020028192,7.092307692307692,59.0,0.135593220338983,0.0677966101694915,0.0677966101694915,0.0,2718,72,1502,1851,0.026490066225165563,0.5526122148638705,0.03889789303079417,0.8114532685035116
d33m799j,10.049530314931937,0.9635602188144561,0.39303044045122154,46.91970160151811,0.5293923843108682,0.7195479586301216,0.13243278812230766,9.52054291814793,3.7288135593220337,10.0,0.4,0.1,0.1,0.2,1618,63,1091,1278,0.03893695920889988,0.6742892459826947,0.04929577464788732,0.8536776212832551
dmft9d3y,4.613059622961237,0.9676048235123577,0.6376959500312156,15.48175687608832,0.7139950346089516,0.7990956138932966,0.14528691245708428,4.473329215537308,11.698630136986301,63.0,0.1428571428571428,0.0634920634920634,0.0317460317460317,0.0476190476190476,3758,103,1799,2272,0.027408195848855774,0.4787120808940926,0.04533450704225352,0.7918133802816901
e0biso3r,6.738392508790389,0.9437546678389442,0.6268062591136253,25.02186280188906,0.6762740757172904,0.8237787274382076,0.17406375204522104,6.49864588845312,7.890410958904109,68.0,0.088235294117647,0.088235294117647,0.0,0.0,3390,90,1653,1995,0.02654867256637168,0.48761061946902656,0.045112781954887216,0.8285714285714286
e2w81k0i,6.438100074258346,0.9532639341885918,0.6553838233582553,16.742455003856687,0.7101103845455677,0.7990567862573291,0.16906287509338078,6.035033681905523,8.616438356164384,63.0,0.0634920634920634,0.0317460317460317,0.0158730158730158,0.0158730158730158,3660,106,1661,2222,0.02896174863387978,0.45382513661202184,0.04770477047704771,0.7475247524752475
ei0ij8ms,5.845022249462973,0.9536437155507365,0.6771408123788885,17.605435987928157,0.7160722413413377,0.8049579196105865,0.1536384627755808,5.668647776716757,10.32876712328767,69.0,0.1014492753623188,0.0869565217391304,0.0144927536231884,0.0,4002,123,2032,2563,0.03073463268365817,0.5077461269365318,0.047990635973468594,0.7928209129925868
emwp6wq7,5.824808856993473,0.9653040516054214,0.6381519309265872,20.225431696537413,0.7020409657942367,0.8024440310061465,0.1656372417899179,5.602170535845848,8.753424657534246,62.0,0.2258064516129032,0.1290322580645161,0.0483870967741935,0.0483870967741935,3603,111,1747,2177,0.030807660283097418,0.4848737163474882,0.05098759761139182,0.8024804777216353
ew4oecfi,6.109983298944217,0.9686964557512503,0.6800382172653634,17.98889383950543,0.7193551582972598,0.8255657121404497,0.17259486030938637,5.961988454527238,8.780821917808218,68.0,0.1323529411764706,0.088235294117647,0.0294117647058823,0.0147058823529411,3402,98,1619,1996,0.02880658436213992,0.475896531452087,0.04909819639278557,0.811122244488978
eyn3wygc,5.348441066405135,0.9570824770739155,0.6289292955109155,16.059039076326137,0.7035783473973155,0.8069612948610778,0.1618025344787733,5.181681934463148,9.0,61.0,0.1147540983606557,0.081967213114754,0.0327868852459016,0.0,3383,114,1657,2077,0.03369790127106119,0.4898019509311262,0.0548868560423688,0.7977852672123255
f0wpo2hr,6.4362593698563755,0.9632480960420697,0.6568641095349566,23.21716823215101,0.7020044459091012,0.8282553638735315,0.16019431080928231,6.230260610767633,9.753424657534246,70.0,0.0714285714285714,0.0285714285714285,0.0428571428571428,0.0,4239,128,1984,2634,0.03019580089643784,0.4680349138947865,0.04859529233105543,0.7532270311313591
f1ejz9fy,6.443048550104117,0.9594006355136493,0.6595294145960615,18.936002162890176,0.7073862891101679,0.8299675559137394,0.1621493451384843,6.15692990028621,9.808219178082192,61.0,0.1639344262295081,0.081967213114754,0.0655737704918032,0.0163934426229508,4676,283,2002,2662,0.060521813515825494,0.4281437125748503,0.10631104432757325,0.7520661157024794
f5ktzt2t,6.679826436861571,0.9713904922238255,0.707302215138466,20.23096412706551,0.718899197924802,0.8348837581843463,0.16501274756300413,6.1536241620892245,8.833333333333334,63.0,0.1111111111111111,0.0793650793650793,0.0317460317460317,0.0,4026,132,1799,2350,0.03278688524590164,0.4468455042225534,0.05617021276595745,0.765531914893617
f5ohsl5h,6.319586216531918,0.9945054945054945,0.8483606263018029,9.544588020492998,0.8521167768867042,0.9265801194862819,0.20132509649248748,5.791499489491571,8.461538461538462,33.0,0.1515151515151515,0.0909090909090909,0.0303030303030303,0.0303030303030303,2032,44,970,1156,0.021653543307086614,0.47736220472440943,0.03806228373702422,0.8391003460207612
fgxp8fzz,5.765152461914471,0.972784154678094,0.7660801036557924,15.404011742930107,0.7587634272974704,0.8581857196022306,0.1721404683393974,5.512972149498987,8.924242424242424,57.0,0.087719298245614,0.0526315789473684,0.0175438596491228,0.0175438596491228,3184,77,1487,1890,0.024183417085427136,0.4670226130653266,0.040740740740740744,0.7867724867724868
fkx2gd88,5.271257819223955,0.9657347282347282,0.7327241705572042,13.244779573442386,0.7496272360498393,0.8527005303360768,0.1633004692436774,5.041416253090448,10.166666666666666,65.0,0.0461538461538461,0.0461538461538461,0.0,0.0,3402,115,1563,2039,0.03380364491475603,0.45943562610229277,0.05640019617459539,0.7665522314860226
fl73adm5,7.062165517721597,0.9762641723356008,0.7151533957947952,17.06433570155402,0.735683455381492,0.8416142091550594,0.1514969509646852,6.7136048005422895,8.408163265306122,46.0,0.0652173913043478,0.0217391304347826,0.0217391304347826,0.0217391304347826,2769,73,1214,1587,0.0263633080534489,0.4384254243409173,0.045998739760554505,0.7649653434152489
g3vslpjv,5.0791364517834685,0.9406045058442319,0.611221137903437,21.248210263731078,0.6787816900919308,0.7906097143522558,0.1643145558260622,5.010101764350269,12.150684931506849,62.0,0.1290322580645161,0.064516129032258,0.0483870967741935,0.0161290322580645,3654,99,1682,2116,0.027093596059113302,0.4603174603174603,0.04678638941398866,0.7948960302457467
g7svteiz,5.681522884342267,0.9535968217475066,0.5531398884564,18.23247167612878,0.6712551969745822,0.7550130668791896,0.17574786339358633,5.642323068949917,9.794520547945206,65.0,0.1538461538461538,0.1076923076923077,0.0307692307692307,0.0153846153846153,3600,154,1757,2154,0.042777777777777776,0.4880555555555556,0.07149489322191271,0.8156917363045497
gckdkq1t,5.346666666666667,0.9841428571428571,0.5333333333333334,15.5,0.645824074074074,0.8772896825396825,0.11831560819179414,5.276666666666666,10.6,,,,,,235,12,107,174,0.05106382978723404,0.4553191489361702,0.06896551724137931,0.6149425287356322
gkse9wdn,4.934004414802271,0.9506957052793569,0.6406375484960025,11.796038278279863,0.7341465940495101,0.8534668009125286,0.1229104477917532,4.840684746358336,9.515151515151516,30.0,0.2,0.1666666666666666,0.0333333333333333,0.0,1605,55,840,1016,0.03426791277258567,0.5233644859813084,0.054133858267716536,0.8267716535433071
hd5k29qy,5.844241897756917,0.943675312510929,0.6625638860843378,14.17064499754105,0.7169897290568742,0.809520296409119,0.17737115008334722,5.56081776803894,9.58904109589041,54.0,0.2037037037037037,0.1111111111111111,0.037037037037037,0.0555555555555555,4087,129,2034,2651,0.03156349400538292,0.49767555664301444,0.04866088268577895,0.7672576386269332
hkj9daz7,6.260879536429284,0.9588386968181489,0.678846561993642,18.543868919139285,0.7023142374591996,0.8220897849473151,0.17068125664691633,5.88024515438899,7.6438356164383565,73.0,0.0410958904109589,0.0273972602739726,0.0,0.0136986301369863,3347,103,1512,1909,0.030773827308037047,0.4517478338810875,0.05395495023572551,0.7920377160817181
hpl7jugr,7.241764615154324,0.9774739583333333,0.7373251895559783,16.261874234199894,0.7297111022528305,0.8594175156431128,0.16025098862279988,6.791504055914524,7.140625,63.0,0.0634920634920634,0.0476190476190476,0.0,0.0158730158730158,3140,67,1455,1774,0.021337579617834394,0.46337579617834396,0.037767756482525366,0.8201803833145435
hsm45iwx,5.592186431838334,0.955055195945607,0.6651546462139903,16.822533512458186,0.720162839629171,0.8082025822051853,0.1736367616978609,5.369223884353045,8.67123287671233,64.0,0.140625,0.0625,0.046875,0.03125,3326,111,1622,2057,0.03337342152736019,0.48767288033674083,0.05396208070004861,0.78852698104035
icf7bchs,4.040912693472169,0.9716031807847151,0.7828096499757827,8.215697481345208,0.8369838138561866,0.9100754113859394,0.1256317666150106,3.9127145084312085,22.47457627118644,31.0,0.1935483870967742,0.0967741935483871,0.064516129032258,0.032258064516129,5243,152,2193,2881,0.02899103566660309,0.41827198168987223,0.05275945852134675,0.7611940298507462
idma9086,5.5425183009422145,0.9673718167120945,0.7163282184094205,12.399953857890239,0.7512365018712353,0.8523743534724189,0.16238068231268407,5.391509161651159,9.541666666666666,56.0,0.1785714285714285,0.0892857142857142,0.0178571428571428,0.0714285714285714,3662,121,1787,2264,0.03304205352266521,0.4879847078099399,0.0534452296819788,0.7893109540636042
ihnjt6k4,4.973921035105246,0.9636125570336096,0.6322134006344533,11.840301584380532,0.7369398122949711,0.7645684758273712,0.13115975273763922,4.853417415917416,14.0,9.0,0.5555555555555556,0.3333333333333333,0.1111111111111111,0.1111111111111111,1228,44,747,959,0.035830618892508145,0.6083061889250815,0.045881126173096975,0.7789363920750783
ikfbpugl,7.809801849385183,0.9647259984979284,0.6856443967555079,17.471679400846067,0.7063749015086697,0.8578725120467732,0.1661991744780654,6.99549421771644,8.0,28.0,0.25,0.1071428571428571,0.0714285714285714,0.0714285714285714,2868,72,1581,1948,0.02510460251046025,0.551255230125523,0.03696098562628337,0.8116016427104723
ism64anu,6.154196830897248,0.9678247648903742,0.7224653580817965,21.87175593829108,0.7424803314282993,0.8405452984982422,0.16404925403876452,5.838264646147314,9.616438356164384,69.0,0.1014492753623188,0.0869565217391304,0.0,0.0144927536231884,3662,116,1695,2144,0.031676679410158386,0.4628618241398143,0.054104477611940295,0.7905783582089553
j2dvablb,6.946287690633107,0.9707464355605256,0.6905898839722369,18.585774769428365,0.7073836197612481,0.8163152230930669,0.17352474543144794,6.656683804184843,7.041095890410959,69.0,0.0434782608695652,0.0289855072463768,0.0144927536231884,0.0,3374,101,1568,1959,0.02993479549496147,0.46473029045643155,0.0515569167942828,0.8004083716181726
j2pjmr32,4.241866944130362,0.9438131035631037,0.7070325633249361,12.140279123863163,0.7841426810031001,0.8526053721908017,0.16615491779739255,4.174301200865466,12.45,25.0,0.16,0.12,0.04,0.0,1826,55,943,1248,0.030120481927710843,0.5164293537787513,0.044070512820512824,0.7556089743589743
jayyv6lz,5.448214993916444,0.963119728471841,0.6376348627368782,17.687577294730335,0.7183832032695667,0.8230255620807655,0.1580780099069602,5.271025532305043,9.929577464788732,41.0,0.1219512195121951,0.073170731707317,0.0,0.048780487804878,3762,118,1829,2251,0.031366294524189264,0.48617756512493354,0.05242114615726344,0.8125277654375833
jeq3oy2g,10.800988042089738,0.9823090818248204,0.6846966592729304,23.9889392152104,0.7096843581117661,0.8479866594999494,0.1593991125693353,8.873714891511503,6.610169491525424,27.0,0.2962962962962963,0.1111111111111111,0.1851851851851851,0.0,2529,72,1268,1634,0.028469750889679714,0.5013839462238039,0.044063647490820076,0.7760097919216646
jqeesfz7,5.485294126885691,0.9634328308020245,0.5616472024801471,19.26047414823232,0.6843643653672302,0.7703612598224289,0.1528681969801254,5.42455872736525,8.36986301369863,64.0,0.109375,0.109375,0.0,0.0,3249,99,1554,1966,0.030470914127423823,0.47830101569713757,0.05035605289928789,0.7904374364191251
jx6lhkbi,5.924439898223243,0.9623170588924014,0.6602279014950249,17.414253885676022,0.7052594066617475,0.8352861578977009,0.171216682134084,5.722888993328792,7.328767123287672,61.0,0.1311475409836065,0.081967213114754,0.0491803278688524,0.0,3226,120,1620,1983,0.037197768133911964,0.5021698698078115,0.060514372163388806,0.8169440242057489
k0qq522n,4.825772688497474,0.972557295645531,0.6855406154465407,10.49942893913831,0.7719188051464115,0.8607699567229192,0.1443976764971632,4.637843861984552,9.947368421052632,24.0,0.2083333333333333,0.0416666666666666,0.125,0.0416666666666666,1497,64,775,1045,0.04275217100868404,0.5177020708082832,0.06124401913875598,0.7416267942583732
k8txaw58,6.813757635459149,0.9663132672122399,0.6471322399062125,24.149123570893575,0.6957497267863232,0.7910541429824498,0.16233744020278812,6.626354552681157,7.671232876712328,67.0,0.1492537313432835,0.0298507462686567,0.0895522388059701,0.0298507462686567,3493,135,1587,2007,0.03864872602347552,0.45433724592041225,0.06726457399103139,0.7907324364723468
kavvl57w,5.661535029298187,0.9829307359307359,0.6727253740411635,27.915046371756898,0.709887116781956,0.8365770215319568,0.16094540037493385,5.52985007682376,7.254545454545455,50.0,0.16,0.1,0.04,0.02,2154,59,1040,1272,0.027390900649953576,0.4828226555246054,0.046383647798742135,0.8176100628930818
kck1uue7,4.663248089971584,0.9696247167641204,0.7378036789852566,11.996311216691797,0.753404325242294,0.8444163453116831,0.1669004688429712,4.462123068987552,12.534246575342467,66.0,0.1363636363636363,0.0606060606060606,0.0454545454545454,0.0303030303030303,4167,146,1953,2481,0.03503719702423806,0.468682505399568,0.058847239016525596,0.7871825876662636
kkeej6x5,5.114312375881018,0.9527394789381091,0.6439719134515144,17.259458651801435,0.7011339459350683,0.7742520067363451,0.1619703227259813,5.060904767507656,9.32876712328767,69.0,0.1304347826086956,0.0434782608695652,0.0579710144927536,0.0289855072463768,3173,89,1504,1858,0.02804916482823826,0.47399936968168926,0.04790096878363832,0.8094725511302476
kmwiem6m,8.542518918035809,0.9562847758666072,0.6541659693939963,29.880766226031266,0.6681189389510921,0.8056672781459387,0.16640089443893025,7.936694727824651,6.273972602739726,67.0,0.044776119402985,0.0298507462686567,0.0149253731343283,0.0,3792,101,1764,2204,0.026635021097046414,0.4651898734177215,0.04582577132486389,0.8003629764065335
kwy2bqjo,5.900280982598752,0.9884757555990433,0.697750725159173,20.069481747190103,0.7099036196386166,0.8410444810097927,0.17406061212103688,5.713276947439872,8.493150684931507,64.0,0.21875,0.140625,0.078125,0.0,3617,114,1643,2144,0.031517832457837985,0.4542438484932264,0.05317164179104478,0.7663246268656716
l0nln4b2,5.303511128781497,0.9544927663884152,0.6360130483288026,16.46938150805297,0.7122652371094157,0.7980974195921758,0.18972966337193642,5.138432928923196,9.36986301369863,65.0,0.1538461538461538,0.1076923076923077,0.0307692307692307,0.0153846153846153,3496,112,1669,2111,0.032036613272311214,0.4774027459954233,0.053055423969682616,0.7906205589767883
l5sagbsh,6.82210540630374,0.9515034324231976,0.6129540240661365,22.170687378179213,0.6487141142076326,0.7905911642445945,0.1744854110017201,6.5691835511680505,6.876712328767123,71.0,0.056338028169014,0.0422535211267605,0.0,0.0140845070422535,3500,91,1705,2094,0.026,0.48714285714285716,0.04345749761222541,0.8142311365807068
l9krayds,6.396078405110959,0.9331894999521728,0.6897238072345816,12.78489990668362,0.7528493560232113,0.8427308946967157,0.1399048624145901,5.6451552403387915,19.20967741935484,14.0,0.2857142857142857,0.1428571428571428,0.0,0.1428571428571428,5857,187,3043,3881,0.03192760799043879,0.5195492572989585,0.04818345787168256,0.7840762690028343
ldo5smvx,5.794437757720693,0.9683293111741388,0.6803604942795719,16.878652141493767,0.7289117021586076,0.8192996738679988,0.148009425468103,5.450359372635715,7.637931034482759,49.0,0.2448979591836734,0.1224489795918367,0.0816326530612244,0.0408163265306122,2456,56,1231,1600,0.02280130293159609,0.5012214983713354,0.035,0.769375
ler5uq42,5.328132291227529,0.9307715125969095,0.5561208858827906,17.734234907449196,0.654715548636089,0.7466062636276638,0.1653911833052713,5.192128259985402,6.634920634920635,46.0,0.1304347826086956,0.0652173913043478,0.0217391304347826,0.0434782608695652,2158,95,1048,1363,0.04402224281742354,0.4856348470806302,0.06969919295671313,0.768892149669846
ljwskxcq,6.955308282906993,0.9550605204029862,0.6718236034714681,21.033992270152627,0.7113060181927976,0.8193166195290722,0.16922856741207606,6.446078831634835,7.52054794520548,65.0,0.1538461538461538,0.1076923076923077,0.0153846153846153,0.0307692307692307,3698,121,1705,2191,0.032720389399675504,0.46106003244997296,0.0552259242355089,0.778183477863989
lmtka1ev,7.584884126290376,0.9667038690476191,0.6716059981684982,19.367223170348172,0.7008348523887094,0.8143182750409312,0.1908587843899292,7.112254108738484,6.125,62.0,0.032258064516129,0.032258064516129,0.0,0.0,2890,89,1278,1590,0.030795847750865052,0.4422145328719723,0.0559748427672956,0.8037735849056604
m63pxnwq,6.3364332464348685,0.9717090952165579,0.6663684213976232,17.41656328745881,0.7137598085504782,0.8054693713127732,0.16869548645083604,6.056608169392076,6.567164179104478,54.0,0.0925925925925925,0.074074074074074,0.0185185185185185,0.0,2873,79,1411,1725,0.027497389488339713,0.4911242603550296,0.04579710144927536,0.8179710144927537
mhskzwic,5.209302882151678,0.9590749007936508,0.6136536576421279,16.14584639913167,0.6992309770283665,0.8007281528836468,0.15228895026411782,5.151443398907833,9.527777777777779,67.0,0.1343283582089552,0.1044776119402985,0.0149253731343283,0.0149253731343283,3237,90,1592,1971,0.027803521779425393,0.49181340747605806,0.045662100456621,0.8077118214104515
mlvcv31l,6.636474044678636,0.9582246140465318,0.6766236672781033,23.310961508898725,0.6935234462885601,0.8200768183954201,0.1565398079385676,6.3505297398101455,8.191780821917808,64.0,0.1875,0.140625,0.03125,0.015625,3553,95,1687,2090,0.026737967914438502,0.4748100197016606,0.045454545454545456,0.807177033492823
mpzcivx9,6.257211958189938,0.9556588388780168,0.6858694688296194,18.651419086082278,0.7186235138856751,0.8322344855345641,0.1747950090715983,5.9476143166639455,8.904109589041095,69.0,0.0869565217391304,0.0579710144927536,0.0289855072463768,0.0,3656,114,1713,2134,0.031181619256017507,0.4685448577680525,0.053420805998125584,0.802717900656045
mr7lkk46,4.822911698039878,0.9586425396234424,0.6569283764387227,15.372868519634059,0.7284822896346737,0.8097220081993348,0.15770778884365846,4.585639078247883,11.88888888888889,54.0,0.2037037037037037,0.1111111111111111,0.0555555555555555,0.037037037037037,3926,125,1862,2350,0.031839021905247074,0.47427407030056035,0.05319148936170213,0.7923404255319149
mrwlcmno,6.989822798812835,0.973057208994709,0.5609993133543858,25.27766617608103,0.6396573544552545,0.7909253078021191,0.15723903239696696,6.926573163484395,6.958333333333333,66.0,0.0606060606060606,0.0454545454545454,0.0151515151515151,0.0,3058,91,1431,1771,0.029758011772400263,0.4679529103989536,0.05138339920948617,0.8080180688876341
mrypomny,5.387345539297663,0.9791258969341162,0.6456085362958225,19.07051208594573,0.7215714392448275,0.8051366536913156,0.16686796006181118,5.368558846538368,7.616438356164384,73.0,0.0273972602739726,0.0136986301369863,0.0136986301369863,0.0,2766,84,1255,1575,0.03036876355748373,0.4537237888647867,0.05333333333333334,0.7968253968253968
mzi8f2hv,6.370416395751257,0.9689280278321374,0.6673481435241974,16.585768067046477,0.7077941151092803,0.8144648753922851,0.17084304672846046,6.134830268960244,8.534246575342467,57.0,0.1578947368421052,0.1052631578947368,0.0526315789473684,0.0,3731,121,1760,2281,0.03243098365049585,0.4717233985526669,0.0530469092503288,0.7715914072775099
n2et79bd,5.5727496416895335,0.9876901455026456,0.6977363091850055,15.462497225726567,0.7313677288121646,0.8440470178610248,0.19640249508340926,5.417362825041941,6.083333333333333,37.0,0.1351351351351351,0.1351351351351351,0.0,0.0,1656,54,852,1042,0.03260869565217391,0.5144927536231884,0.05182341650671785,0.817658349328215
nfbzvhip,4.842248593299485,0.9540631861210093,0.6142316232818297,12.35335116581204,0.7006028725165753,0.7865570906316729,0.15544914644212893,4.690112587619009,10.936507936507937,52.0,0.1538461538461538,0.1153846153846153,0.0384615384615384,0.0,3327,110,1746,2188,0.03306281935677788,0.5247971145175834,0.050274223034734916,0.7979890310786106
nhds6zsd,5.506338218313832,0.9615595085665508,0.5639498877501831,24.169505049221556,0.6658848474100731,0.7669249528492605,0.1690563585723187,5.494087650789228,7.873239436619718,63.0,0.0476190476190476,0.0476190476190476,0.0,0.0,2891,92,1356,1702,0.031822898650985816,0.4690418540297475,0.05405405405405406,0.7967097532314924
ni5df01j,5.835553638659541,0.9636524346580738,0.6756990782583056,18.76364593167549,0.7154419517647919,0.8005949015750253,0.17289934522071645,5.686001396311246,7.985714285714286,52.0,0.1538461538461538,0.0769230769230769,0.0384615384615384,0.0384615384615384,3145,101,1517,1975,0.032114467408585055,0.4823529411764706,0.05113924050632911,0.7681012658227848
nldu5ge3,6.505764667928647,0.9657976827094473,0.6635870426865051,20.29734800369881,0.7092635129059971,0.826545994769321,0.17804234654105774,6.287186674585868,7.041666666666667,66.0,0.1363636363636363,0.1212121212121212,0.0151515151515151,0.0,3143,91,1527,1926,0.028953229398663696,0.48584155265669743,0.047248182762201454,0.7928348909657321
npr5bsi2,4.833148897233238,0.9559990200314756,0.640216424382853,14.61766172726325,0.7249871053200868,0.7977713171697194,0.1719342794465374,4.600601417890642,9.014084507042254,51.0,0.1372549019607843,0.1176470588235294,0.0,0.0196078431372549,3096,96,1582,2016,0.031007751937984496,0.5109819121447028,0.047619047619047616,0.7847222222222222
nqubyvew,4.210506117003107,0.939775810609144,0.6956811927938614,12.724541019605168,0.777661333070642,0.8453636395235714,0.13767186001767298,4.02836374105249,13.574074074074074,36.0,0.1944444444444444,0.1666666666666666,0.0,0.0277777777777777,3067,112,1437,1950,0.03651776980762961,0.4685360286925334,0.057435897435897436,0.7369230769230769
nrfiw9bx,5.125339848102063,0.960488874392984,0.6985480010289805,16.561428965854716,0.7423435753233523,0.8326845927559289,0.16312396649915642,4.921828557351538,9.684931506849315,66.0,0.1363636363636363,0.0757575757575757,0.0606060606060606,0.0,3439,117,1588,1998,0.034021517883105555,0.4617621401570224,0.05855855855855856,0.7947947947947948
nsu6cwh4,5.304906204906206,0.9444444444444443,0.5387445887445887,49.29018759018759,0.5926160155547782,0.6356524367888005,0.20670649496407068,5.203896103896104,10.166666666666666,6.0,0.3333333333333333,0.3333333333333333,0.0,0.0,329,15,92,214,0.04559270516717325,0.2796352583586626,0.07009345794392523,0.42990654205607476
nvlsix5c,7.332887401143215,0.9119677544677545,0.5942494574762017,34.713939771468844,0.6731928272131795,0.7816285344998104,0.1366153439506314,7.149302591250265,8.433333333333334,9.0,0.3333333333333333,0.1111111111111111,0.1111111111111111,0.1111111111111111,1437,44,795,1047,0.030619345859429367,0.5532359081419624,0.04202483285577841,0.7593123209169055
nx0vccp8,5.418821968360896,0.9560431443388736,0.6043462868659305,22.968786565125544,0.6877346889291631,0.8011001893786442,0.1676891255557828,5.322422048912084,11.082191780821917,59.0,0.1864406779661017,0.1016949152542373,0.0508474576271186,0.0338983050847457,3794,92,1935,2333,0.024248813916710597,0.5100158144438587,0.03943420488641235,0.8294042006000857
nze0azo1,5.928486031993149,0.9605845258242518,0.6379165392481247,18.082004929164114,0.7115298749885167,0.8049279365315452,0.16986621328180848,5.768721605406136,9.027397260273972,54.0,0.1851851851851851,0.1296296296296296,0.037037037037037,0.0185185185185185,3803,114,1816,2337,0.029976334472784645,0.4775177491454115,0.04878048780487805,0.7770646127513907
o1t1fb7j,4.5293862222251775,0.9688027332144981,0.5825630961316872,11.195847177768872,0.7100913161910761,0.8046369182676474,0.1410355361899846,4.290816465003509,13.941176470588236,22.0,0.3181818181818182,0.1818181818181818,0.1363636363636363,0.0,2136,47,1188,1364,0.02200374531835206,0.5561797752808989,0.0344574780058651,0.8709677419354839
o2ho0580,5.722049981400304,0.9672476971278342,0.5207628670773857,21.97373141287071,0.6620751503178847,0.7490842431321528,0.12879487929991632,5.532428077881208,10.054794520547945,13.0,0.3846153846153846,0.2307692307692307,0.0,0.1538461538461538,3824,177,1743,2303,0.04628661087866109,0.45580543933054396,0.07685627442466349,0.756838905775076
o4kkkuj9,5.3753815014160935,0.9570782388590608,0.6182710617178788,14.695229520395861,0.7065170214112219,0.7782540737932302,0.18990712299388263,5.218192801526807,11.054794520547945,63.0,0.2063492063492063,0.1428571428571428,0.0476190476190476,0.0158730158730158,4163,123,1956,2514,0.02954600048042277,0.46985347105452796,0.04892601431980907,0.7780429594272077
o5qropwk,7.68267457272069,0.9728469447219447,0.6478480484505811,25.016543772859887,0.6823774865307765,0.8259633488090455,0.16817225362277405,7.347016401143831,6.833333333333333,56.0,0.2321428571428571,0.1607142857142857,0.0178571428571428,0.0535714285714285,3130,104,1576,1968,0.033226837060702875,0.5035143769968051,0.052845528455284556,0.8008130081300813
ol9lky1i,6.183087984447746,0.9663077601410934,0.6605780216436653,24.714038719797458,0.7339726106833617,0.8177209680380331,0.16879348282870604,5.875813511738491,8.6,37.0,0.1351351351351351,0.054054054054054,0.027027027027027,0.054054054054054,2252,66,1056,1392,0.02930728241563055,0.4689165186500888,0.04741379310344827,0.7586206896551724
om1m73rv,5.992139838806898,0.9775009467421147,0.6752759070568465,16.00892984713569,0.7285349853985186,0.8270345900994314,0.18094742600353067,5.691335374243833,10.726027397260275,56.0,0.2142857142857142,0.1785714285714285,0.0357142857142857,0.0,4283,106,2190,2734,0.02474900770487976,0.5113238384310063,0.038771031455742504,0.8010241404535479
onnumbyy,4.924966765117694,0.9551901019135282,0.593169968337667,17.332989628668162,0.6770978775563656,0.8109702048603965,0.15253479994301808,4.793483566084186,11.175438596491228,45.0,0.2666666666666666,0.2,0.0444444444444444,0.0222222222222222,2888,83,1455,1805,0.02873961218836565,0.503808864265928,0.04598337950138504,0.8060941828254847
ovhoesyy,5.22989202361226,0.9832069734654799,0.666676544924446,16.424911416605656,0.7204722853645554,0.815814183825112,0.17788929794553193,5.009172966065648,8.931506849315069,66.0,0.106060606060606,0.0757575757575757,0.0,0.0303030303030303,3382,83,1578,1980,0.024541691306918984,0.4665878178592549,0.04191919191919192,0.796969696969697
oxvw1rhx,6.726209267983948,0.9383911192815302,0.5876310494665087,20.355585356737997,0.6764538296019189,0.7926520244963139,0.17389929008700927,6.3562474936430835,9.397260273972602,45.0,0.1777777777777777,0.1111111111111111,0.0444444444444444,0.0222222222222222,4075,131,1947,2444,0.03214723926380368,0.47779141104294476,0.05360065466448445,0.796644844517185
p445h6ow,4.496249176713736,0.9531828703703703,0.7005474697716078,10.347639570412559,0.7746183424355797,0.845640715156375,0.1305815501469638,4.3883295140718515,11.083333333333334,24.0,0.2916666666666667,0.1666666666666666,0.0416666666666666,0.0833333333333333,1808,80,909,1130,0.04424778761061947,0.5027654867256637,0.07079646017699115,0.804424778761062
pad0sufd,6.671021269212595,0.9604172490914173,0.623745939953066,17.318452361381624,0.6787147517848613,0.7950963296019994,0.1677436238711273,6.289224313817734,7.616438356164384,68.0,0.1470588235294117,0.0294117647058823,0.088235294117647,0.0294117647058823,3389,117,1606,1990,0.03452345824727058,0.47388610209501325,0.05879396984924623,0.807035175879397
pcrxo3zp,5.5408335058509195,0.98533449246564,0.6825663321723267,15.638167244102593,0.725529417562338,0.8566786028558668,0.1678118681336341,5.291173980123709,11.819672131147541,51.0,0.196078431372549,0.1372549019607843,0.0588235294117647,0.0,3917,129,1938,2374,0.03293336737298953,0.4947664028593311,0.05433866891322662,0.8163437236731256
pgtp756s,4.98820490072862,0.9729646697388633,0.5847010358395557,15.761652784280868,0.6967203589302227,0.7953280459262433,0.17075061197796543,4.871615038977468,5.258064516129032,15.0,0.2666666666666666,0.2,0.0666666666666666,0.0,832,24,516,608,0.028846153846153848,0.6201923076923077,0.039473684210526314,0.8486842105263158
phbjwkyw,6.436961689528422,0.9567733787790177,0.6420151988857838,15.27459890565913,0.7087229591650939,0.8413474916240754,0.16405646223667672,6.1214990915144005,9.726027397260275,51.0,0.2745098039215686,0.1764705882352941,0.0784313725490196,0.0196078431372549,3896,114,1911,2459,0.029260780287474333,0.4905030800821355,0.046360309068727124,0.7771451809678731
plfupad7,5.389245411700525,0.9466750959412408,0.6191295157852087,19.824842410026157,0.687102412757223,0.7740638964439646,0.14311261164791364,5.276977448998229,11.095890410958905,68.0,0.1764705882352941,0.1176470588235294,0.0147058823529411,0.0441176470588235,3603,98,1703,2188,0.02719955592561754,0.472661670829864,0.044789762340036565,0.7783363802559415
pz38obzd,6.1218202777329065,0.9719430208300072,0.6391727688513056,19.388153311878074,0.6927319524037739,0.8189146163324158,0.1661412703101717,5.890514547182834,7.958904109589041,70.0,0.0571428571428571,0.0428571428571428,0.0142857142857142,0.0,3491,97,1860,2202,0.027785734746490976,0.5327986250358063,0.04405086285195277,0.8446866485013624
q04yitea,5.869689779437587,0.9539271860909287,0.6323962554664309,20.634920345654994,0.6849320259606206,0.797624006721014,0.1632584471141068,5.672253413821396,7.819444444444445,62.0,0.2096774193548387,0.1129032258064516,0.064516129032258,0.032258064516129,2966,72,1467,1820,0.024275118004045852,0.49460552933243424,0.03956043956043956,0.8060439560439561
qazkn1sw,5.530820439405209,0.9715606844589687,0.3904363403465415,27.038475644725644,0.5169518057736096,0.716605428035043,0.15321813503614093,5.436347107288199,7.388888888888889,26.0,0.3076923076923077,0.1923076923076923,0.1153846153846153,0.0,2714,75,1717,2121,0.02763448784082535,0.6326455416359617,0.03536067892503536,0.8095238095238095
qfiy90jx,5.39057474652448,0.9698023558344767,0.6918320531000794,16.627926461376266,0.7308074376778991,0.8143326082296211,0.15281708322834775,5.251785091299943,8.780821917808218,61.0,0.081967213114754,0.0491803278688524,0.0,0.0327868852459016,3320,104,1560,1965,0.03132530120481928,0.46987951807228917,0.05292620865139949,0.7938931297709924
qfsp3ery,5.512162649836691,0.9681341126194067,0.631005303939626,17.257764815138263,0.702391478861893,0.8139988283962895,0.15750376348905556,5.377375125324446,9.691176470588236,56.0,0.1964285714285714,0.1071428571428571,0.0714285714285714,0.0178571428571428,3445,86,1759,2126,0.024963715529753266,0.5105950653120465,0.04045155221072436,0.8273753527751646
qif0sa3r,4.718999336243104,0.9254385964912281,0.6483930957615168,8.337468185529127,0.7629358284035272,0.8552719104034893,0.13344571707400998,4.602185252670018,8.263157894736842,17.0,0.3529411764705882,0.1764705882352941,0.1176470588235294,0.0588235294117647,653,23,392,437,0.03522205206738132,0.6003062787136294,0.05263157894736842,0.897025171624714
qkiu92kk,6.351340870210188,0.9554660753190164,0.643626076061048,17.91241542091083,0.6769453196852028,0.8192178955138794,0.17373880775185513,6.113319590028067,6.549019607843137,47.0,0.0638297872340425,0.0212765957446808,0.0,0.0425531914893617,2122,52,1127,1395,0.024505183788878417,0.5311027332704995,0.03727598566308244,0.8078853046594983
qothvfhf,6.379684483908086,0.9640154950869237,0.5542304086933243,20.462948792469252,0.678112115703411,0.8014147747907854,0.1779134240645598,6.348278442859188,7.314285714285714,60.0,0.1833333333333333,0.1166666666666666,0.0666666666666666,0.0,3041,113,1416,1794,0.03715882933245643,0.4656363038474186,0.06298773690078038,0.7892976588628763
qqqzakmg,14.637281664328702,1.0,0.5048553290495799,39.25476906949033,0.6158759385078031,0.8682707256806805,0.13272982246617318,13.063002662262244,6.785714285714286,,,,,,1590,25,1191,1433,0.015723270440251572,0.7490566037735849,0.017445917655268667,0.8311235170969993
qu0lm98m,6.520881921530486,0.9602578610883752,0.6518680656646644,21.737121877506116,0.6991374288002518,0.8069566950375885,0.17067163562631166,6.154287818382458,10.479452054794521,63.0,0.1587301587301587,0.1269841269841269,0.0317460317460317,0.0,4673,133,2208,2731,0.028461373849775304,0.4725016049646908,0.048700109849871845,0.8084950567557672
qv0yh587,4.91282007752596,0.9441362708346405,0.48560651074020056,27.4221244844007,0.6203059928247728,0.7440599584586046,0.1732182084497489,4.862868083912608,7.405797101449275,27.0,0.2222222222222222,0.1111111111111111,0.037037037037037,0.074074074074074,2341,70,1108,1344,0.0299017513882956,0.4733020076890218,0.052083333333333336,0.8244047619047619
r24jdhzg,5.040105564974024,0.9381283617147892,0.6074242032199324,17.492877692512284,0.6878780868319887,0.7723962015418446,0.16298131488311018,4.844306371497807,9.808219178082192,65.0,0.1538461538461538,0.1076923076923077,0.0153846153846153,0.0307692307692307,3312,163,1506,1934,0.04921497584541063,0.45471014492753625,0.08428128231644261,0.7786970010341262
r2ck84r8,5.115739539095869,0.9571211132854969,0.6449724600048015,17.154920097574617,0.7306350925917499,0.813549513744412,0.16626434088053138,5.002052731557665,9.876712328767123,69.0,0.0869565217391304,0.0434782608695652,0.0434782608695652,0.0,3214,85,1540,1904,0.02644679527069073,0.4791537025513379,0.044642857142857144,0.8088235294117647
r99uy0qb,4.6672883751060725,0.960920573948743,0.611409225239792,19.193178423221447,0.6858835249627234,0.7945748639008441,0.14435590498386472,4.548567898360327,8.126760563380282,39.0,0.1538461538461538,0.1025641025641025,0.0512820512820512,0.0,2671,91,1540,1782,0.03406963684013478,0.5765630849868963,0.051066217732884396,0.8641975308641975
rhbgnqhz,6.824228816700318,0.9514581014223871,0.6320196434106209,21.096649219283165,0.6886413960721999,0.8317494495627593,0.1743358177540334,6.521908226826005,8.357142857142858,66.0,0.1212121212121212,0.0909090909090909,0.0303030303030303,0.0,3621,101,1767,2143,0.027892847279756973,0.487986743993372,0.04713019132057863,0.8245450303313112
rjanlii9,5.423597097547191,0.9541604254819404,0.7013422304497127,16.056238131663033,0.7301163732859836,0.8287452172005683,0.18706971079791898,5.299167436991894,11.726027397260275,54.0,0.1481481481481481,0.1111111111111111,0.037037037037037,0.0,4076,137,2013,2551,0.03361138370951914,0.4938665358194308,0.05370442963543708,0.7891023128185025
s03ed531,6.542660408394285,0.9570691472352867,0.5403793718841903,21.653980766508564,0.6420650408294258,0.7521216319704268,0.15134616527822428,6.423809752145557,6.830985915492958,51.0,0.1372549019607843,0.0588235294117647,0.0196078431372549,0.0588235294117647,3141,114,1544,2000,0.03629417382999045,0.4915631964342566,0.057,0.772
sesf1qnx,5.653003476371828,0.972517730496454,0.7107809273662913,15.529601394669845,0.732858524425578,0.861203691547712,0.15331929443636602,5.331053304616393,12.170212765957446,43.0,0.1395348837209302,0.0465116279069767,0.0930232558139534,0.0,2764,55,1257,1619,0.019898697539797394,0.4547756874095514,0.033971587399629403,0.7764051883878937
ske58akk,5.71104047781226,0.948400572030709,0.6831269816147181,21.97944925113801,0.7139818796863053,0.8460163417834391,0.16116317100415697,5.540999675694142,10.808219178082192,67.0,0.1343283582089552,0.0895522388059701,0.0298507462686567,0.0149253731343283,3911,131,1777,2288,0.03349526975198159,0.45435949884939913,0.05725524475524475,0.7766608391608392
sn10zd6g,4.989268251076601,0.9664816348035525,0.7064620311633152,14.341307781661202,0.7452458010245516,0.8312918297994858,0.16811166236277195,4.85123848507031,10.876712328767123,62.0,0.0806451612903225,0.064516129032258,0.0161290322580645,0.0,3670,100,1757,2267,0.027247956403269755,0.4787465940054496,0.044111160123511246,0.7750330833700926
so5k1adg,5.125077489558257,0.9429752596630938,0.5363423406986628,18.463837070281066,0.6596804239691015,0.7859042196943861,0.17976977335618313,5.044636879235713,10.136363636363637,34.0,0.2941176470588235,0.2352941176470588,0.0,0.0588235294117647,2193,69,1003,1296,0.03146374829001368,0.4573643410852713,0.05324074074074074,0.7739197530864198
sp00glmz,4.844325638820372,0.966541639486845,0.601950944171469,14.855545169983357,0.6817630934909753,0.7661934569076742,0.17230834559973202,4.729400268889632,10.643835616438356,53.0,0.2264150943396226,0.0754716981132075,0.1320754716981132,0.0188679245283018,3759,119,2015,2363,0.03165735567970205,0.536046820963022,0.050359712230215826,0.8527295810410496
stbyxpx6,6.035263992900717,0.9631500534097936,0.6210008213752454,15.004651590409079,0.6906590175868227,0.8275152519438713,0.16795542520746973,5.586979401505696,8.285714285714286,45.0,0.0888888888888888,0.0444444444444444,0.0444444444444444,0.0,2306,51,1060,1345,0.022116218560277536,0.45967042497831745,0.0379182156133829,0.7881040892193308
szbhlpfr,4.920496705726769,0.9763658540339213,0.6371962422619459,15.928766312599183,0.7114832103933526,0.8120582315490505,0.1645285652357157,4.74422618975037,8.142857142857142,32.0,0.1875,0.125,0.03125,0.03125,2457,91,1197,1632,0.037037037037037035,0.48717948717948717,0.05575980392156863,0.7334558823529411
t2eyvuxq,6.263071198631238,0.9502744908566826,0.6642797181003335,18.85481179705835,0.7122924794574453,0.7986781821492804,0.1739451167350427,5.8120039084652895,9.246575342465754,68.0,0.1911764705882352,0.1029411764705882,0.0588235294117647,0.0294117647058823,4014,131,1860,2471,0.03263577478824116,0.4633781763826607,0.05301497369486038,0.7527316875758802
t3l0if03,5.921929224648967,0.9661584040008697,0.6509061067350775,19.612049583280893,0.7005435327819072,0.7967083476939214,0.15708701967889857,5.678206337468195,7.410958904109589,54.0,0.1111111111111111,0.074074074074074,0.037037037037037,0.0,3315,82,1672,2215,0.02473604826546003,0.5043740573152338,0.03702031602708804,0.7548532731376976
tc5wgx8h,5.479624365724765,0.9478000374039106,0.6857988041326588,17.504353151560284,0.7436352460283244,0.8407012736543091,0.17568153798074876,5.349110448443518,11.366197183098592,59.0,0.1016949152542373,0.0677966101694915,0.0169491525423728,0.0169491525423728,4257,180,2056,2549,0.042283298097251586,0.4829692271552737,0.07061592781482935,0.8065908199293841
uktb326q,4.935005827967444,0.9289307833873052,0.5587417244289026,15.200463494486534,0.6799769353707699,0.7527568183017974,0.17204386444675399,4.793160221557326,10.0,60.0,0.05,0.0333333333333333,0.0166666666666666,0.0,3075,102,1415,1797,0.033170731707317075,0.46016260162601624,0.05676126878130217,0.7874234835837507
v6jvgdvg,5.388471214108313,0.9638541990870423,0.5945899977640396,17.233333110987154,0.7001769444362947,0.8102204925200546,0.15382070839460435,5.287512743113078,8.291666666666666,46.0,0.1521739130434782,0.108695652173913,0.0217391304347826,0.0217391304347826,3164,126,1569,2008,0.03982300884955752,0.49589127686472817,0.06274900398406374,0.7813745019920318
vbwguazj,5.986783453983777,0.9567347474050373,0.6809247958315289,18.92107645611037,0.7267272557203216,0.8232445785924178,0.14718265171059938,5.787265461942294,7.855072463768116,66.0,0.0757575757575757,0.0606060606060606,0.0151515151515151,0.0,3153,62,1515,1867,0.019663812242308912,0.4804947668886774,0.03320835565077665,0.8114622388859132
vpxztp7b,5.281780118362201,0.9636997625869262,0.6730639623483341,20.237791369771845,0.7318773724936909,0.8261530207577494,0.16964238546154894,5.107470344023741,8.898550724637682,62.0,0.0806451612903225,0.032258064516129,0.0161290322580645,0.032258064516129,3102,115,1458,1937,0.03707285622179239,0.4700193423597679,0.05937016004130098,0.7527103768714507
vr20hyge,4.318420817975956,0.9492864774114774,0.584345246570434,17.837460382228908,0.6750504795052534,0.7554828761231169,0.1594016626250216,4.284329397251524,6.573529411764706,39.0,0.3846153846153846,0.2307692307692307,0.1025641025641025,0.0512820512820512,1860,63,972,1249,0.03387096774193549,0.5225806451612903,0.05044035228182546,0.77822257806245
w12e497z,5.987665813345572,0.8753625200673811,0.7246982013142284,15.219077423439067,0.7540095535707108,0.8166414465694183,0.15367410328974643,5.081051993292494,28.98611111111111,,,,,,11330,763,4412,6101,0.06734333627537512,0.38940864960282434,0.12506146533355186,0.7231601376823471
wa9xd98o,4.426392947330448,0.9479166666666666,0.636696127946128,10.730014880952382,0.7105143644719881,0.8127140149304748,0.1819567583191263,4.361621272246272,13.25,17.0,0.2941176470588235,0.0,0.1764705882352941,0.1176470588235294,1544,60,779,997,0.038860103626943004,0.5045336787564767,0.06018054162487462,0.7813440320962889
wcau806y,4.776563173416622,0.963785817357246,0.5500390721757716,18.693453020023217,0.6502540742452416,0.7215343458292405,0.13995976176453545,4.726670209237943,6.8428571428571425,44.0,0.2045454545454545,0.1136363636363636,0.0454545454545454,0.0454545454545454,2177,55,1091,1315,0.025264124942581533,0.5011483693155719,0.04182509505703422,0.8296577946768061
wz0zoo1d,5.9147727272727275,0.815625,0.2159090909090909,67.4715909090909,0.37423245945973216,0.4259469696969697,0.05938442892319898,5.744318181818182,7.25,,,,,,189,5,42,165,0.026455026455026454,0.2222222222222222,0.030303030303030304,0.2545454545454545
x5id5i5q,4.436923050510516,0.9729004011861154,0.6882834307595138,14.535207796018303,0.7510931607758738,0.8675725062297616,0.14932116598371312,4.35443457155652,10.52,36.0,0.2222222222222222,0.1111111111111111,0.0555555555555555,0.0555555555555555,2365,65,1144,1402,0.02748414376321353,0.48372093023255813,0.046362339514978604,0.8159771754636234
xasfvnb7,5.707091631573946,0.9483350550964187,0.6159744659032614,14.670465643086471,0.7183478967208174,0.8381633463793778,0.14409642087179675,5.5943712508428565,6.681818181818182,32.0,0.15625,0.15625,0.0,0.0,1768,72,949,1183,0.04072398190045249,0.5367647058823529,0.060862214708368556,0.8021978021978022
xeu3j3ki,4.599788592416354,0.9316205533596837,0.5394488640628071,16.008223143727186,0.6761570768943583,0.7635934203326071,0.16268745160581255,4.498980264895133,9.717391304347826,32.0,0.21875,0.15625,0.0625,0.0,1896,65,958,1240,0.034282700421940926,0.5052742616033755,0.05241935483870968,0.7725806451612903
xgvto4mg,6.4092792774857985,0.9635416666666666,0.48077022615066095,22.307655810373202,0.6139937581562199,0.7492952761845957,0.1310471776456558,6.380433123639645,7.25,21.0,0.2857142857142857,0.1904761904761904,0.0476190476190476,0.0476190476190476,1062,35,638,787,0.03295668549905838,0.60075329566855,0.044472681067344345,0.8106734434561627
xji13cu2,5.821347614803497,0.9543733465608466,0.7085479797979798,10.853925898958067,0.7849122731058923,0.8930379313973064,0.19931869870624994,5.61170723781937,6.8125,23.0,0.1304347826086956,0.0434782608695652,0.0434782608695652,0.0434782608695652,1213,34,644,750,0.028029678483099753,0.5309150865622424,0.04533333333333334,0.8586666666666667
xklnx39q,5.87901326755711,0.9653690562866204,0.6957329364300312,14.098355326233822,0.7479643980401858,0.8570753848391254,0.16084298683499865,5.515114581827099,10.169014084507042,53.0,0.1886792452830188,0.0754716981132075,0.0566037735849056,0.0566037735849056,3796,140,1800,2314,0.0368809272918862,0.47418335089567965,0.06050129645635264,0.7778738115816768
y32zaw9c,6.2279323925415255,0.9633088824755492,0.5191096363264837,21.438567774412075,0.6352902140310853,0.7563454889850727,0.16920121639705596,6.206344273488237,6.333333333333333,65.0,0.0769230769230769,0.0615384615384615,0.0153846153846153,0.0,2835,93,1385,1719,0.0328042328042328,0.48853615520282184,0.05410122164048865,0.8057009889470622
y8mzyzjc,3.8813846770858484,0.9821428571428571,0.602780581020658,15.23420998509563,0.6941791854595207,0.7252881258273371,0.18706999137115382,3.864155363491786,16.285714285714285,8.0,0.125,0.125,0.0,0.0,1075,19,586,750,0.017674418604651163,0.5451162790697675,0.025333333333333333,0.7813333333333333
ya0wv6pm,6.0272409131606715,0.9528776636225267,0.5435547843874613,19.487385650121727,0.6608038350519567,0.7579651295810036,0.15402566771469892,5.602425903091382,9.438356164383562,60.0,0.2166666666666666,0.1833333333333333,0.0333333333333333,0.0,3897,120,1913,2362,0.030792917628945343,0.49089042853477033,0.05080440304826418,0.8099068585944115
yc52i3qf,8.751962620712622,0.988974358974359,0.6242832167832167,29.62890068265068,0.6273753285645455,0.8005343543840061,0.13269602806907663,8.333521062271062,6.4,17.0,0.1176470588235294,0.1176470588235294,0.0,0.0,988,20,506,643,0.020242914979757085,0.5121457489878543,0.03110419906687403,0.7869362363919129
yebzokh4,6.347570304890796,0.9611714616402117,0.582312107782966,23.542153685081278,0.6898564552381503,0.7843453141746846,0.14391522617916502,6.184144822186068,9.152777777777779,65.0,0.1692307692307692,0.0461538461538461,0.0923076923076923,0.0307692307692307,3598,117,1782,2181,0.032518065591995556,0.4952751528627015,0.05364511691884457,0.8170563961485557
yfyhejim,7.10472075062574,0.9657994212788732,0.6820163200644773,20.470089836633953,0.7249180058654294,0.8236185924962335,0.162019938575838,6.508450245992656,8.849315068493151,65.0,0.2461538461538461,0.1384615384615384,0.0923076923076923,0.0153846153846153,4406,116,2156,2663,0.026327734906945077,0.4893327280980481,0.04355989485542621,0.8096132181749907
ym49wqbn,5.374498445606629,0.9544005182098709,0.7087201108000436,14.858705003732698,0.7537658573132365,0.8602919125240563,0.15588376818515565,5.132403504858829,13.625,64.0,0.109375,0.09375,0.015625,0.0,4792,93,2523,3073,0.019407345575959932,0.5265025041736227,0.03026358607224211,0.8210218027985682
z3die4q3,7.1149856710115005,0.9727671339190948,0.7259726214486345,15.857334825315771,0.7375145301430401,0.8412712860965462,0.18051722832474476,6.700697027290885,8.222222222222221,70.0,0.0285714285714285,0.0285714285714285,0.0,0.0,3715,105,1692,2138,0.02826379542395693,0.4554508748317631,0.04911131898971001,0.7913938260056127
z8b26ynw,6.075179387918806,0.9725918677973472,0.6604190720837965,15.900847614282272,0.7110441830017977,0.8256264697363025,0.16892178488804474,5.7382201447835435,8.136986301369863,64.0,0.171875,0.109375,0.03125,0.03125,3549,127,1564,2034,0.0357847280924204,0.44068751761059455,0.0624385447394297,0.7689282202556539
zc26r1al,6.313441762915447,0.9470056771338822,0.5435244579981422,20.101009195482877,0.6432113398419202,0.7169233743787456,0.15177344608619933,6.232266641740326,8.23076923076923,38.0,0.2631578947368421,0.1578947368421052,0.0789473684210526,0.0263157894736842,1927,83,865,1047,0.043072132848988066,0.4488842760768033,0.07927411652340019,0.8261700095510984
zelqv7az,6.2049612091342565,0.9685638182213524,0.6572905982409252,21.215194303303097,0.7127758390710023,0.80990039811698,0.1696292240650504,6.1189417874318925,7.671232876712328,67.0,0.0895522388059701,0.044776119402985,0.0298507462686567,0.0149253731343283,3307,112,1499,1991,0.033867553674024796,0.4532809192621712,0.0562531391260673,0.7528879959819186
zfeorjum,5.41015056400781,0.9633620672460317,0.6631194681843565,14.627495197983585,0.7357769305969215,0.8370263631204781,0.17016128506444617,5.240849775358882,10.232876712328768,65.0,0.3230769230769231,0.2153846153846154,0.0615384615384615,0.0461538461538461,3738,102,1827,2312,0.027287319422150885,0.4887640449438202,0.04411764705882353,0.7902249134948097
zj5uemkt,6.019953105219761,0.9564014062562824,0.6328345106158405,18.936731353758578,0.6941029876464724,0.8232591102964079,0.16909328001834983,5.770814747864188,7.882352941176471,61.0,0.0983606557377049,0.081967213114754,0.0,0.0163934426229508,2912,79,1474,1806,0.02712912087912088,0.5061813186813187,0.043743078626799554,0.8161683277962348
zvbewhqx,6.1260207585474875,0.9602551192978459,0.6176501756772389,18.701599245317922,0.7039755134318428,0.8000426198185016,0.17761133585993327,5.878814548731021,8.753424657534246,61.0,0.2295081967213114,0.1639344262295081,0.0491803278688524,0.0163934426229508,3524,119,1706,2135,0.03376844494892168,0.4841089670828604,0.05573770491803279,0.7990632318501171
