mean_chunk_size,frac_single_color,frac_connected,frac_same_row,frac_same_col,frac_multi_cc_spanned,frac_multi_cc_same_color,frac_one_cc,mean_iou_cc,mean_iou_color_class,task_id,strategy
3.0,0.35135135135135137,0.0,0.0,0.0,1.0,0.35135135135135137,0.0,0.19400408812173514,0.03940495116965705,00d62c1b,random_k3
55.5,1.0,0.0,0.0,0.0,1.0,1.0,0.0,0.4388111888111888,1.0,00d62c1b,color_first
55.5,1.0,0.0,0.0,0.0,1.0,1.0,0.0,0.4388111888111888,1.0,00d62c1b,nn_color_first
4.826086956521739,1.0,1.0,0.7391304347826086,0.5217391304347826,0.0,0.0,1.0,1.0,0.08695652173913042,00d62c1b,object_first
6.166666666666667,0.3888888888888889,0.7222222222222222,1.0,0.05555555555555555,0.8333333333333334,0.2222222222222222,0.16666666666666666,0.3257967749389318,0.08302915157111124,00d62c1b,row_first
6.529411764705882,0.29411764705882354,0.35294117647058826,0.0,1.0,0.8823529411764706,0.17647058823529413,0.11764705882352941,0.24750575715791523,0.08241590170108412,00d62c1b,col_first
3.0,0.18333333333333332,0.0,0.0,0.0,0.9666666666666667,0.15,0.03333333333333333,0.09004739067344107,0.041803429695321866,00dbd492,random_k3
45.0,1.0,0.5,0.0,0.0,0.5,0.5,0.5,0.7119565217391304,1.0,00dbd492,color_first
45.0,1.0,0.5,0.0,0.0,0.5,0.5,0.5,0.7119565217391304,1.0,00dbd492,nn_color_first
15.0,1.0,1.0,0.3333333333333333,0.3333333333333333,0.0,0.0,1.0,1.0,0.3333333333333333,00dbd492,object_first
9.473684210526315,0.21052631578947367,0.631578947368421,1.0,0.0,0.7894736842105263,0.0,0.21052631578947367,0.2112056840515371,0.1306513101369704,00dbd492,row_first
10.588235294117647,0.17647058823529413,0.47058823529411764,0.0,1.0,0.8823529411764706,0.058823529411764705,0.11764705882352941,0.210296424999505,0.13842877701341197,00dbd492,col_first
2.9655172413793105,0.0,0.0,0.0,0.0,1.0,0.0,0.0,0.06633450834271316,0.06633450834271316,0a2355a6,random_k3
21.5,1.0,1.0,0.0,0.0,0.0,0.0,1.0,1.0,1.0,0a2355a6,color_first
21.5,1.0,1.0,0.0,0.0,0.0,0.0,1.0,1.0,1.0,0a2355a6,nn_color_first
21.5,1.0,1.0,0.0,0.0,0.0,0.0,1.0,1.0,1.0,0a2355a6,object_first
6.142857142857143,0.5,0.2857142857142857,1.0,0.0,0.5,0.0,0.5,0.2149247752813118,0.2149247752813118,0a2355a6,row_first
5.733333333333333,0.26666666666666666,0.13333333333333333,0.0,1.0,0.7333333333333333,0.0,0.26666666666666666,0.1660648415911574,0.1660648415911574,0a2355a6,col_first
2.8947368421052633,0.3684210526315789,0.05263157894736842,0.05263157894736842,0.05263157894736842,0.9473684210526315,0.3157894736842105,0.05263157894736842,0.12961599803705068,0.07952862859310564,0a938d79,random_k3
27.5,1.0,0.0,0.0,0.0,1.0,1.0,0.0,0.41666666666666663,1.0,0a938d79,color_first
27.5,1.0,0.0,0.0,0.0,1.0,1.0,0.0,0.41666666666666663,1.0,0a938d79,nn_color_first
11.0,1.0,1.0,0.0,1.0,0.0,0.0,1.0,1.0,0.4,0a938d79,object_first
5.0,0.0,0.0,1.0,0.0,1.0,0.0,0.0,0.06666666666666667,0.08571428571428573,0a938d79,row_first
11.0,1.0,1.0,0.0,1.0,0.0,0.0,1.0,1.0,0.39999999999999997,0a938d79,col_first
2.5,0.5,0.0,0.0,0.0,1.0,0.5,0.0,0.41666666666666663,0.6666666666666666,0b17323b,random_k3
2.5,1.0,0.0,0.0,0.0,1.0,1.0,0.0,0.41666666666666663,1.0,0b17323b,color_first
2.5,1.0,0.0,0.0,0.0,1.0,1.0,0.0,0.41666666666666663,1.0,0b17323b,nn_color_first
1.0,1.0,1.0,1.0,1.0,0.0,0.0,1.0,1.0,0.4,0b17323b,object_first
1.0,1.0,1.0,1.0,1.0,0.0,0.0,1.0,1.0,0.4,0b17323b,row_first
1.0,1.0,1.0,1.0,1.0,0.0,0.0,1.0,1.0,0.4,0b17323b,col_first
2.8333333333333335,0.16666666666666666,0.0,0.0,0.16666666666666666,1.0,0.16666666666666666,0.0,0.3611111111111111,0.31666666666666665,0ca9ddb6,random_k3
2.8333333333333335,1.0,0.5,0.5,0.5,0.5,0.5,0.5,0.6458333333333334,1.0,0ca9ddb6,color_first
2.8333333333333335,1.0,0.5,0.5,0.5,0.5,0.5,0.5,0.6458333333333334,1.0,0ca9ddb6,nn_color_first
1.0,1.0,1.0,1.0,1.0,0.0,0.0,1.0,1.0,0.35294117647058826,0ca9ddb6,object_first
2.125,0.625,0.25,1.0,0.25,0.75,0.375,0.25,0.5875,0.3898809523809524,0ca9ddb6,row_first
2.4285714285714284,0.42857142857142855,0.14285714285714285,0.14285714285714285,1.0,0.8571428571428571,0.2857142857142857,0.14285714285714285,0.5047619047619047,0.35034013605442177,0ca9ddb6,col_first
3.0,0.0,0.5,0.0,0.0,1.0,0.0,0.0,0.5,0.5,0d3d703e,random_k3
3.0,1.0,1.0,0.0,1.0,0.0,0.0,1.0,1.0,1.0,0d3d703e,color_first
3.0,1.0,1.0,0.0,1.0,0.0,0.0,1.0,1.0,1.0,0d3d703e,nn_color_first
3.0,1.0,1.0,0.0,1.0,0.0,0.0,1.0,1.0,1.0,0d3d703e,object_first
2.0,0.0,1.0,1.0,0.0,1.0,0.0,0.0,0.25,0.25,0d3d703e,row_first
3.0,1.0,1.0,0.0,1.0,0.0,0.0,1.0,1.0,1.0,0d3d703e,col_first
2.9846153846153847,0.7384615384615385,0.0,0.015384615384615385,0.0,0.26153846153846155,0.0,0.7384615384615385,0.04363203463203463,0.02663736263736264,0d87d2a6,random_k3
97.0,1.0,0.5,0.0,0.0,0.5,0.5,0.5,0.7368421052631579,1.0,0d87d2a6,color_first
97.0,1.0,0.5,0.0,0.0,0.5,0.5,0.5,0.7368421052631579,1.0,0d87d2a6,nn_color_first
48.5,1.0,1.0,0.0,0.0,0.0,0.0,1.0,1.0,0.5,0d87d2a6,object_first
8.434782608695652,0.6956521739130435,0.391304347826087,1.0,0.17391304347826086,0.30434782608695654,0.0,0.6956521739130435,0.0859229176620481,0.06279503105590063,0d87d2a6,row_first
7.76,0.8,0.04,0.0,1.0,0.2,0.0,0.8,0.08481385281385283,0.06886666666666667,0d87d2a6,col_first
3.0,0.75,0.0,0.0,0.25,0.25,0.0,0.75,0.19047619047619047,0.19047619047619047,0e671a1a,random_k3
6.0,1.0,1.0,0.75,0.75,0.0,0.0,1.0,1.0,1.0,0e671a1a,color_first
6.0,1.0,1.0,0.75,0.75,0.0,0.0,1.0,1.0,1.0,0e671a1a,nn_color_first
6.0,1.0,1.0,0.75,0.75,0.0,0.0,1.0,1.0,1.0,0e671a1a,object_first
2.4,0.8,0.8,1.0,0.6,0.2,0.0,0.8,0.2087662337662338,0.2087662337662338,0e671a1a,row_first
2.4,0.8,0.8,0.6,1.0,0.2,0.0,0.8,0.20876623376623377,0.20876623376623377,0e671a1a,col_first
2.909090909090909,0.18181818181818182,0.0,0.0,0.0,1.0,0.18181818181818182,0.0,0.3303030303030303,0.19634882661198452,12eac192,random_k3
8.0,1.0,0.5,0.0,0.25,0.5,0.5,0.5,0.6907894736842105,1.0,12eac192,color_first
8.0,1.0,0.5,0.0,0.25,0.5,0.5,0.5,0.6907894736842105,1.0,12eac192,nn_color_first
2.1333333333333333,1.0,1.0,0.6,0.6666666666666666,0.0,0.0,1.0,1.0,0.26666666666666666,12eac192,object_first
4.0,0.375,0.0,1.0,0.0,1.0,0.375,0.0,0.36636904761904765,0.24978070175438596,12eac192,row_first
4.0,0.125,0.125,0.0,1.0,1.0,0.125,0.0,0.390625,0.23949718045112783,12eac192,col_first
2.909090909090909,0.18181818181818182,0.045454545454545456,0.045454545454545456,0.18181818181818182,0.8181818181818182,0.0,0.18181818181818182,0.0839535958113033,0.0839535958113033,1a07d186,random_k3
21.333333333333332,1.0,1.0,0.0,0.0,0.0,0.0,1.0,1.0,1.0,1a07d186,color_first
21.333333333333332,1.0,1.0,0.0,0.0,0.0,0.0,1.0,1.0,1.0,1a07d186,nn_color_first
21.333333333333332,1.0,1.0,0.0,0.0,0.0,0.0,1.0,1.0,1.0,1a07d186,object_first
3.3684210526315788,0.0,0.0,1.0,0.0,1.0,0.0,0.0,0.056636155606407314,0.056636155606407314,1a07d186,row_first
7.111111111111111,1.0,0.8888888888888888,0.5555555555555556,1.0,0.0,0.0,1.0,0.3333333333333333,0.3333333333333333,1a07d186,col_first
2.857142857142857,0.5714285714285714,0.07142857142857142,0.07142857142857142,0.14285714285714285,0.42857142857142855,0.0,0.5714285714285714,0.11086905925615602,0.11086905925615602,1b60fb0c,random_k3
20.0,1.0,1.0,0.0,0.0,0.0,0.0,1.0,1.0,1.0,1b60fb0c,color_first
20.0,1.0,1.0,0.0,0.0,0.0,0.0,1.0,1.0,1.0,1b60fb0c,nn_color_first
20.0,1.0,1.0,0.0,0.0,0.0,0.0,1.0,1.0,1.0,1b60fb0c,object_first
4.0,0.5,0.4,1.0,0.2,0.5,0.0,0.5,0.12461087299796977,0.12461087299796977,1b60fb0c,row_first
4.0,0.8,0.4,0.2,1.0,0.2,0.0,0.8,0.18608015640273706,0.18608015640273706,1b60fb0c,col_first
2.888888888888889,0.1111111111111111,0.05555555555555555,0.05555555555555555,0.05555555555555555,0.8888888888888888,0.0,0.1111111111111111,0.0743906299461855,0.0743906299461855,1bfc4729,random_k3
26.0,1.0,1.0,0.0,0.0,0.0,0.0,1.0,1.0,1.0,1bfc4729,color_first
26.0,1.0,1.0,0.0,0.0,0.0,0.0,1.0,1.0,1.0,1bfc4729,nn_color_first
26.0,1.0,1.0,0.0,0.0,0.0,0.0,1.0,1.0,1.0,1bfc4729,object_first
5.2,1.0,0.4,1.0,0.0,0.0,0.0,1.0,0.2,0.2,1bfc4729,row_first
5.2,0.0,0.2,0.0,1.0,1.0,0.0,0.0,0.08940092165898617,0.08940092165898617,1bfc4729,col_first
2.9649122807017543,0.05263157894736842,0.017543859649122806,0.017543859649122806,0.03508771929824561,0.9473684210526315,0.0,0.05263157894736842,0.04807438681776362,0.04807438681776362,1c02dbbe,random_k3
33.8,1.0,1.0,0.0,0.0,0.0,0.0,1.0,1.0,1.0,1c02dbbe,color_first
33.8,1.0,1.0,0.0,0.0,0.0,0.0,1.0,1.0,1.0,1c02dbbe,nn_color_first
33.8,1.0,1.0,0.0,0.0,0.0,0.0,1.0,1.0,1.0,1c02dbbe,object_first
13.0,0.0,1.0,1.0,0.0,1.0,0.0,0.0,0.18134665017674528,0.18134665017674528,1c02dbbe,row_first
13.0,0.0,1.0,0.0,1.0,1.0,0.0,0.0,0.17987558717436944,0.17987558717436944,1c02dbbe,col_first
3.0,1.0,0.0,0.0,0.0,1.0,1.0,0.0,0.325,0.1,1c0d0a4b,random_k3
30.0,1.0,0.0,0.0,0.0,1.0,1.0,0.0,0.1,1.0,1c0d0a4b,color_first
30.0,1.0,0.0,0.0,0.0,1.0,1.0,0.0,0.1,1.0,1c0d0a4b,nn_color_first
1.4285714285714286,1.0,1.0,0.8095238095238095,0.7619047619047619,0.0,0.0,1.0,1.0,0.047619047619047616,1c0d0a4b,object_first
3.3333333333333335,1.0,0.0,1.0,0.0,1.0,1.0,0.0,0.44259259259259254,0.1111111111111111,1c0d0a4b,row_first
3.3333333333333335,1.0,0.0,0.0,1.0,1.0,1.0,0.0,0.4277777777777778,0.1111111111111111,1c0d0a4b,col_first
3.0,0.0,0.0,0.0,0.0,1.0,0.0,0.0,0.36,0.3333333333333333,1caeab9d,random_k3
5.0,1.0,0.0,0.0,0.0,1.0,1.0,0.0,0.8000000000000002,1.0,1caeab9d,color_first
5.0,1.0,0.0,0.0,0.0,1.0,1.0,0.0,0.8000000000000002,1.0,1caeab9d,nn_color_first
2.5,1.0,1.0,0.5,0.5,0.0,0.0,1.0,1.0,0.5,1caeab9d,object_first
5.0,0.0,0.0,1.0,0.0,1.0,0.0,0.0,0.27777777777777773,0.19576719576719573,1caeab9d,row_first
1.6666666666666667,1.0,1.0,0.3333333333333333,1.0,0.0,0.0,1.0,0.6666666666666666,0.33333333333333337,1caeab9d,col_first
3.0,0.0,0.3333333333333333,0.0,0.0,1.0,0.0,0.0,0.5,0.5,1e0a9b12,random_k3
1.8,1.0,1.0,0.4,1.0,0.0,0.0,1.0,1.0,1.0,1e0a9b12,color_first
1.8,1.0,1.0,0.4,1.0,0.0,0.0,1.0,1.0,1.0,1e0a9b12,nn_color_first
1.8,1.0,1.0,0.4,1.0,0.0,0.0,1.0,1.0,1.0,1e0a9b12,object_first
3.0,0.3333333333333333,0.6666666666666666,1.0,0.3333333333333333,0.6666666666666666,0.0,0.3333333333333333,0.26111111111111107,0.26111111111111107,1e0a9b12,row_first
1.8,1.0,1.0,0.4,1.0,0.0,0.0,1.0,1.0,1.0,1e0a9b12,col_first
2.9565217391304346,0.6739130434782609,0.021739130434782608,0.021739130434782608,0.021739130434782608,0.8260869565217391,0.5,0.17391304347826086,0.1584993961352657,0.036673389442656,1e32b0e9,random_k3
68.0,1.0,0.0,0.0,0.0,1.0,1.0,0.0,0.4934086629001883,1.0,1e32b0e9,color_first
68.0,1.0,0.0,0.0,0.0,1.0,1.0,0.0,0.4934086629001883,1.0,1e32b0e9,nn_color_first
6.181818181818182,1.0,1.0,0.6363636363636364,0.45454545454545453,0.0,0.0,1.0,1.0,0.0909090909090909,1e32b0e9,object_first
8.0,0.5882352941176471,0.11764705882352941,1.0,0.0,0.5294117647058824,0.11764705882352941,0.47058823529411764,0.14964508530685,0.07937690376403649,1e32b0e9,row_first
8.0,0.6470588235294118,0.11764705882352941,0.0,1.0,0.5294117647058824,0.17647058823529413,0.47058823529411764,0.13018790849673204,0.08403750238774577,1e32b0e9,col_first
3.0,1.0,0.0,0.0,0.0,0.0,0.0,1.0,0.125,0.125,1f0c79e5,random_k3
24.0,1.0,1.0,0.0,0.0,0.0,0.0,1.0,1.0,1.0,1f0c79e5,color_first
24.0,1.0,1.0,0.0,0.0,0.0,0.0,1.0,1.0,1.0,1f0c79e5,nn_color_first
24.0,1.0,1.0,0.0,0.0,0.0,0.0,1.0,1.0,1.0,1f0c79e5,object_first
3.4285714285714284,1.0,0.8571428571428571,1.0,0.14285714285714285,0.0,0.0,1.0,0.14285714285714285,0.14285714285714285,1f0c79e5,row_first
3.4285714285714284,1.0,0.8571428571428571,0.14285714285714285,1.0,0.0,0.0,1.0,0.14285714285714285,0.14285714285714285,1f0c79e5,col_first
2.875,0.0,0.0,0.0,0.0,1.0,0.0,0.0,0.35416666666666663,0.33125,1f642eb9,random_k3
3.2857142857142856,1.0,0.14285714285714285,0.5714285714285714,0.14285714285714285,0.8571428571428571,0.8571428571428571,0.14285714285714285,0.5357142857142857,1.0,1f642eb9,color_first
3.2857142857142856,1.0,0.14285714285714285,0.5714285714285714,0.14285714285714285,0.8571428571428571,0.8571428571428571,0.14285714285714285,0.5357142857142857,1.0,1f642eb9,nn_color_first
1.5333333333333334,1.0,1.0,0.9333333333333333,0.9333333333333333,0.0,0.0,1.0,1.0,0.4666666666666667,1f642eb9,object_first
3.8333333333333335,0.16666666666666666,0.16666666666666666,1.0,0.16666666666666666,0.8333333333333334,0.0,0.16666666666666666,0.40757575757575754,0.3638888888888889,1f642eb9,row_first
3.8333333333333335,0.16666666666666666,0.3333333333333333,0.16666666666666666,1.0,0.8333333333333334,0.0,0.16666666666666666,0.3881313131313131,0.3202380952380952,1f642eb9,col_first
3.0,0.125,0.0,0.0,0.0,1.0,0.125,0.0,0.3333333333333333,0.2806547619047619,1f876c06,random_k3
4.8,1.0,0.0,0.0,0.0,1.0,1.0,0.0,0.21857142857142856,1.0,1f876c06,color_first
4.8,1.0,0.0,0.0,0.0,1.0,1.0,0.0,0.21857142857142856,1.0,1f876c06,nn_color_first
1.0,1.0,1.0,1.0,1.0,0.0,0.0,1.0,1.0,0.20833333333333334,1f876c06,object_first
2.4,0.2,0.2,1.0,0.2,0.8,0.0,0.2,0.5,0.18,1f876c06,row_first
2.4,0.0,0.0,0.0,1.0,1.0,0.0,0.0,0.4416666666666666,0.18761904761904763,1f876c06,col_first
2.962962962962963,0.1111111111111111,0.0,0.0,0.0,0.8888888888888888,0.0,0.1111111111111111,0.04727619162142971,0.04727619162142971,21f83797,random_k3
40.0,1.0,1.0,0.0,0.0,0.0,0.0,1.0,1.0,1.0,21f83797,color_first
40.0,1.0,1.0,0.0,0.0,0.0,0.0,1.0,1.0,1.0,21f83797,nn_color_first
40.0,1.0,1.0,0.0,0.0,0.0,0.0,1.0,1.0,1.0,21f83797,object_first
6.153846153846154,0.38461538461538464,0.7692307692307693,1.0,0.0,0.6153846153846154,0.0,0.38461538461538464,0.12368024132730017,0.12368024132730017,21f83797,row_first
6.153846153846154,0.6923076923076923,0.46153846153846156,0.0,1.0,0.3076923076923077,0.0,0.6923076923076923,0.13650075414781299,0.13650075414781299,21f83797,col_first
2.909090909090909,0.0,0.0,0.0,0.09090909090909091,1.0,0.0,0.0,0.24147065056155964,0.14204545454545456,23581191,random_k3
10.666666666666666,1.0,0.0,0.0,0.0,1.0,1.0,0.0,0.6555555555555556,1.0,23581191,color_first
10.666666666666666,1.0,0.0,0.0,0.0,1.0,1.0,0.0,0.6555555555555556,1.0,23581191,nn_color_first
4.0,1.0,1.0,0.625,0.625,0.0,0.0,1.0,1.0,0.375,23581191,object_first
3.5555555555555554,0.0,0.2222222222222222,1.0,0.0,1.0,0.0,0.0,0.27497194163860833,0.1597222222222222,23581191,row_first
3.5555555555555554,0.0,0.2222222222222222,0.0,1.0,1.0,0.0,0.0,0.273905723905724,0.1597222222222222,23581191,col_first
2.9722222222222223,0.3888888888888889,0.013888888888888888,0.013888888888888888,0.027777777777777776,0.6111111111111112,0.0,0.3888888888888889,0.12909969191614762,0.04126959354683356,2546ccf6,random_k3
53.5,1.0,0.25,0.0,0.0,0.75,0.75,0.25,0.4125,1.0,2546ccf6,color_first
53.5,1.0,0.25,0.0,0.0,0.75,0.75,0.25,0.4125,1.0,2546ccf6,nn_color_first
10.19047619047619,1.0,1.0,0.38095238095238093,0.38095238095238093,0.0,0.0,1.0,1.0,0.19047619047619047,2546ccf6,object_first
8.23076923076923,0.4230769230769231,0.15384615384615385,1.0,0.0,0.5769230769230769,0.0,0.4230769230769231,0.13768046299691872,0.12290600023618592,2546ccf6,row_first
9.304347826086957,0.4782608695652174,0.13043478260869565,0.0,1.0,0.5217391304347826,0.0,0.4782608695652174,0.10866109063687492,0.10227737773142284,2546ccf6,col_first
2.6666666666666665,1.0,0.3333333333333333,0.3333333333333333,0.0,0.0,0.0,1.0,0.3333333333333333,0.3333333333333333,2bcee788,random_k3
8.0,1.0,1.0,0.0,0.0,0.0,0.0,1.0,1.0,1.0,2bcee788,color_first
8.0,1.0,1.0,0.0,0.0,0.0,0.0,1.0,1.0,1.0,2bcee788,nn_color_first
8.0,1.0,1.0,0.0,0.0,0.0,0.0,1.0,1.0,1.0,2bcee788,object_first
2.6666666666666665,1.0,0.6666666666666666,1.0,0.0,0.0,0.0,1.0,0.3333333333333333,0.3333333333333333,2bcee788,row_first
2.0,1.0,1.0,0.0,1.0,0.0,0.0,1.0,0.25,0.25,2bcee788,col_first
2.9555555555555557,0.17777777777777778,0.022222222222222223,0.022222222222222223,0.044444444444444446,0.8888888888888888,0.06666666666666667,0.1111111111111111,0.14025221691888357,0.04388930055596722,2bee17df,random_k3
44.333333333333336,1.0,0.6666666666666666,0.0,0.0,0.3333333333333333,0.3333333333333333,0.6666666666666666,0.7407407407407408,1.0,2bee17df,color_first
44.333333333333336,1.0,0.6666666666666666,0.0,0.0,0.3333333333333333,0.3333333333333333,0.6666666666666666,0.7407407407407408,1.0,2bee17df,nn_color_first
9.5,1.0,1.0,0.2857142857142857,0.21428571428571427,0.0,0.0,1.0,1.0,0.21428571428571427,2bee17df,object_first
9.5,0.07142857142857142,0.14285714285714285,1.0,0.0,0.9285714285714286,0.0,0.07142857142857142,0.20634121073650746,0.13919005721542563,2bee17df,row_first
9.5,0.07142857142857142,0.14285714285714285,0.0,1.0,0.9285714285714286,0.0,0.07142857142857142,0.17442795299938155,0.1429050183771953,2bee17df,col_first
3.0,0.28,0.0,0.0,0.0,0.76,0.04,0.24,0.171,0.05617913832199546,2c608aff,random_k3
37.5,1.0,0.5,0.0,0.0,0.5,0.5,0.5,0.6296296296296297,1.0,2c608aff,color_first
37.5,1.0,0.5,0.0,0.0,0.5,0.5,0.5,0.6296296296296297,1.0,2c608aff,nn_color_first
7.5,1.0,1.0,0.6,0.7,0.0,0.0,1.0,1.0,0.2,2c608aff,object_first
4.411764705882353,0.8823529411764706,0.7058823529411765,1.0,0.35294117647058826,0.4117647058823529,0.29411764705882354,0.5882352941176471,0.25883430295195,0.0940107699264192,2c608aff,row_first
4.166666666666667,0.8333333333333334,0.7777777777777778,0.3333333333333333,1.0,0.3888888888888889,0.2222222222222222,0.6111111111111112,0.278525641025641,0.08871399176954732,2c608aff,col_first
3.0,0.47058823529411764,0.0,0.0,0.0,0.9411764705882353,0.4117647058823529,0.058823529411764705,0.29453781512605043,0.11971288515406163,2dd70a9a,random_k3
17.0,1.0,0.6666666666666666,0.3333333333333333,0.0,0.3333333333333333,0.3333333333333333,0.6666666666666666,0.7142857142857143,1.0,2dd70a9a,color_first
17.0,1.0,0.6666666666666666,0.3333333333333333,0.0,0.3333333333333333,0.3333333333333333,0.6666666666666666,0.7142857142857143,1.0,2dd70a9a,nn_color_first
2.55,1.0,1.0,0.6,0.6,0.0,0.0,1.0,1.0,0.14999999999999997,2dd70a9a,object_first
3.923076923076923,0.46153846153846156,0.3076923076923077,1.0,0.15384615384615385,0.7692307692307693,0.23076923076923078,0.23076923076923078,0.492296918767507,0.12544710191769012,2dd70a9a,row_first
3.923076923076923,0.46153846153846156,0.23076923076923078,0.07692307692307693,1.0,0.8461538461538461,0.3076923076923077,0.15384615384615385,0.4551282051282052,0.14166666666666666,2dd70a9a,col_first
2.973684210526316,0.5,0.0,0.0,0.0,1.0,0.5,0.0,0.3377192982456141,0.05428083316906499,32597951,random_k3
37.666666666666664,1.0,0.0,0.0,0.0,1.0,1.0,0.0,0.19124531835205993,1.0,32597951,color_first
37.666666666666664,1.0,0.0,0.0,0.0,1.0,1.0,0.0,0.19124531835205993,1.0,32597951,nn_color_first
1.118811881188119,1.0,1.0,0.9801980198019802,0.9801980198019802,0.0,0.0,1.0,1.0,0.0297029702970297,32597951,object_first
6.647058823529412,0.7647058823529411,0.0,1.0,0.0,1.0,0.7647058823529411,0.0,0.16582633053221288,0.09336972787071927,32597951,row_first
6.647058823529412,0.6470588235294118,0.0,0.0,1.0,1.0,0.6470588235294118,0.0,0.1669467787114846,0.09182423656977523,32597951,col_first
2.6666666666666665,0.5,0.16666666666666666,0.16666666666666666,0.16666666666666666,0.8333333333333334,0.3333333333333333,0.16666666666666666,0.33888888888888885,0.21944444444444444,3aa6fb7a,random_k3
8.0,1.0,0.0,0.0,0.0,1.0,1.0,0.0,0.25,1.0,3aa6fb7a,color_first
8.0,1.0,0.0,0.0,0.0,1.0,1.0,0.0,0.25,1.0,3aa6fb7a,nn_color_first
2.0,1.0,1.0,0.5,0.5,0.0,0.0,1.0,1.0,0.25,3aa6fb7a,object_first
2.2857142857142856,0.42857142857142855,0.8571428571428571,1.0,0.0,0.5714285714285714,0.0,0.42857142857142855,0.557142857142857,0.19010989010989013,3aa6fb7a,row_first
2.6666666666666665,0.3333333333333333,0.6666666666666666,0.0,1.0,0.6666666666666666,0.0,0.3333333333333333,0.5222222222222223,0.19914529914529913,3aa6fb7a,col_first
3.0,0.3333333333333333,0.0,0.0,0.0,1.0,0.3333333333333333,0.0,0.3333333333333333,0.24444444444444446,3ac3eb23,random_k3
9.0,1.0,0.0,0.0,0.0,1.0,1.0,0.0,0.1111111111111111,1.0,3ac3eb23,color_first
9.0,1.0,0.0,0.0,0.0,1.0,1.0,0.0,0.1111111111111111,1.0,3ac3eb23,nn_color_first
1.0,1.0,1.0,1.0,1.0,0.0,0.0,1.0,1.0,0.1111111111111111,3ac3eb23,object_first
4.5,0.0,0.0,1.0,0.0,1.0,0.0,0.0,0.25,0.12237762237762238,3ac3eb23,row_first
3.0,1.0,0.0,0.0,1.0,1.0,1.0,0.0,0.3333333333333333,0.3333333333333333,3ac3eb23,col_first
3.0,0.391304347826087,0.0,0.0,0.0,1.0,0.391304347826087,0.0,0.19171311780007433,0.06461240622731307,3befdf3e,random_k3
34.5,1.0,0.0,0.0,0.0,1.0,1.0,0.0,0.38163265306122446,1.0,3befdf3e,color_first
34.5,1.0,0.0,0.0,0.0,1.0,1.0,0.0,0.38163265306122446,1.0,3befdf3e,nn_color_first
5.75,1.0,1.0,0.25,0.25,0.0,0.0,1.0,1.0,0.16666666666666666,3befdf3e,object_first
5.75,0.4166666666666667,0.9166666666666666,1.0,0.0,0.6666666666666666,0.08333333333333333,0.3333333333333333,0.38571428571428573,0.11477423644029418,3befdf3e,row_first
5.75,0.4166666666666667,0.9166666666666666,0.0,1.0,0.6666666666666666,0.08333333333333333,0.3333333333333333,0.38571428571428573,0.11477423644029418,3befdf3e,col_first
3.0,0.5294117647058824,0.0,0.11764705882352941,0.0,1.0,0.5294117647058824,0.0,0.238375350140056,0.08701298701298701,3eda0437,random_k3
25.5,1.0,0.5,0.0,0.0,0.5,0.5,0.5,0.7023809523809523,1.0,3eda0437,color_first
25.5,1.0,0.5,0.0,0.0,0.5,0.5,0.5,0.7023809523809523,1.0,3eda0437,nn_color_first
3.923076923076923,1.0,1.0,0.5384615384615384,0.46153846153846156,0.0,0.0,1.0,1.0,0.15384615384615385,3eda0437,object_first
12.75,0.25,0.0,1.0,0.0,1.0,0.25,0.0,0.21850198412698413,0.2460813492063492,3eda0437,row_first
2.125,0.9583333333333334,0.6666666666666666,0.25,1.0,0.375,0.3333333333333333,0.625,0.32320261437908493,0.08095238095238096,3eda0437,col_first
2.9285714285714284,0.6428571428571429,0.0,0.0,0.0,0.7142857142857143,0.35714285714285715,0.2857142857142857,0.20206916099773245,0.10260770975056686,4258a5f9,random_k3
20.5,1.0,0.0,0.0,0.0,1.0,1.0,0.0,0.475,1.0,4258a5f9,color_first
20.5,1.0,0.0,0.0,0.0,1.0,1.0,0.0,0.475,1.0,4258a5f9,nn_color_first
5.125,1.0,1.0,0.625,0.75,0.0,0.0,1.0,1.0,0.25,4258a5f9,object_first
4.555555555555555,0.5555555555555556,0.1111111111111111,1.0,0.0,0.8888888888888888,0.4444444444444444,0.1111111111111111,0.22108385441718773,0.13838838838838838,4258a5f9,row_first
5.125,0.5,0.25,0.0,1.0,0.5,0.0,0.5,0.2720734126984127,0.14414414414414414,4258a5f9,col_first
2.95,1.0,0.0,0.0,0.0,1.0,1.0,0.0,0.27820512820512816,0.05,42a15761,random_k3
59.0,1.0,0.0,0.0,0.0,1.0,1.0,0.0,0.1864406779661017,1.0,42a15761,color_first
59.0,1.0,0.0,0.0,0.0,1.0,1.0,0.0,0.1864406779661017,1.0,42a15761,nn_color_first
3.1052631578947367,1.0,1.0,0.7894736842105263,1.0,0.0,0.0,1.0,1.0,0.05263157894736842,42a15761,object_first
5.363636363636363,1.0,0.0,1.0,0.0,1.0,1.0,0.0,0.10584415584415584,0.09090909090909091,42a15761,row_first
6.555555555555555,1.0,0.5555555555555556,0.1111111111111111,1.0,0.4444444444444444,0.4444444444444444,0.5555555555555556,0.6981481481481482,0.1111111111111111,42a15761,col_first
2.978494623655914,0.03225806451612903,0.010752688172043012,0.021505376344086023,0.010752688172043012,0.978494623655914,0.010752688172043012,0.021505376344086023,0.03815946856645659,0.034755429336681465,4b6b68e5,random_k3
46.166666666666664,1.0,0.8333333333333334,0.0,0.0,0.16666666666666666,0.16666666666666666,0.8333333333333334,0.9288389513108615,1.0,4b6b68e5,color_first
46.166666666666664,1.0,0.8333333333333334,0.0,0.0,0.16666666666666666,0.16666666666666666,0.8333333333333334,0.9288389513108615,1.0,4b6b68e5,nn_color_first
39.57142857142857,1.0,1.0,0.0,0.0,0.0,0.0,1.0,1.0,0.8571428571428571,4b6b68e5,object_first
12.043478260869565,0.043478260869565216,0.34782608695652173,1.0,0.0,0.9565217391304348,0.0,0.043478260869565216,0.13977333601871786,0.12659856789663648,4b6b68e5,row_first
14.578947368421053,0.10526315789473684,0.10526315789473684,0.0,1.0,0.8947368421052632,0.0,0.10526315789473684,0.16408894844101204,0.13887201224855092,4b6b68e5,col_first
2.8333333333333335,0.3333333333333333,0.16666666666666666,0.16666666666666666,0.16666666666666666,0.8333333333333334,0.16666666666666666,0.16666666666666666,0.3194444444444444,0.23796296296296293,5168d44c,random_k3
8.5,1.0,0.5,0.5,0.0,0.5,0.5,0.5,0.5555555555555556,1.0,5168d44c,color_first
8.5,1.0,0.5,0.5,0.0,0.5,0.5,0.5,0.5555555555555556,1.0,5168d44c,nn_color_first
1.7,1.0,1.0,0.9,0.9,0.0,0.0,1.0,1.0,0.2,5168d44c,object_first
5.666666666666667,0.6666666666666666,0.6666666666666666,1.0,0.0,0.3333333333333333,0.0,0.6666666666666666,0.28921568627450983,0.5227272727272728,5168d44c,row_first
1.5454545454545454,0.9090909090909091,1.0,0.7272727272727273,1.0,0.09090909090909091,0.0,0.9090909090909091,0.8257575757575757,0.1691919191919192,5168d44c,col_first
3.0,0.36363636363636365,0.0,0.0,0.0,1.0,0.36363636363636365,0.0,0.33333333333333337,0.1231404958677686,55783887,random_k3
16.5,1.0,0.0,0.0,0.0,1.0,1.0,0.0,0.07638888888888888,1.0,55783887,color_first
16.5,1.0,0.0,0.0,0.0,1.0,1.0,0.0,0.07638888888888888,1.0,55783887,nn_color_first
1.0,1.0,1.0,1.0,1.0,0.0,0.0,1.0,1.0,0.0606060606060606,55783887,object_first
2.2,0.4666666666666667,0.26666666666666666,1.0,0.26666666666666666,0.7333333333333333,0.2,0.26666666666666666,0.5611111111111111,0.08404377104377107,55783887,row_first
2.357142857142857,0.42857142857142855,0.14285714285714285,0.14285714285714285,1.0,0.8571428571428571,0.2857142857142857,0.14285714285714285,0.49404761904761907,0.09287878787878791,55783887,col_first
2.8,0.4,0.0,0.0,0.0,1.0,0.4,0.0,0.38,0.29642857142857143,5c0a986e,random_k3
7.0,1.0,0.0,0.0,0.0,1.0,1.0,0.0,0.5714285714285714,1.0,5c0a986e,color_first
7.0,1.0,0.0,0.0,0.0,1.0,1.0,0.0,0.5714285714285714,1.0,5c0a986e,nn_color_first
1.75,1.0,1.0,0.75,0.75,0.0,0.0,1.0,1.0,0.24999999999999997,5c0a986e,object_first
1.4,1.0,1.0,1.0,0.6,0.0,0.0,1.0,0.8,0.19999999999999998,5c0a986e,row_first
2.3333333333333335,0.3333333333333333,0.3333333333333333,0.0,1.0,0.6666666666666666,0.0,0.3333333333333333,0.4666666666666666,0.2202380952380952,5c0a986e,col_first
2.951219512195122,0.24390243902439024,0.024390243902439025,0.024390243902439025,0.024390243902439025,0.7560975609756098,0.0,0.24390243902439024,0.07458926443936215,0.05064247951696746,6455b5f5,random_k3
40.333333333333336,1.0,0.6666666666666666,0.0,0.0,0.3333333333333333,0.3333333333333333,0.6666666666666666,0.7777777777777778,1.0,6455b5f5,color_first
40.333333333333336,1.0,0.6666666666666666,0.0,0.0,0.3333333333333333,0.3333333333333333,0.6666666666666666,0.7777777777777778,1.0,6455b5f5,nn_color_first
24.2,1.0,1.0,0.4,0.2,0.0,0.0,1.0,1.0,0.6000000000000001,6455b5f5,object_first
9.307692307692308,0.3076923076923077,0.7692307692307693,1.0,0.15384615384615385,0.6923076923076923,0.0,0.3076923076923077,0.19224846112828217,0.17759644647626754,6455b5f5,row_first
7.5625,0.3125,0.6875,0.0,1.0,0.6875,0.0,0.3125,0.12571339950372207,0.10878449507481765,6455b5f5,col_first
3.0,0.6666666666666666,0.0,0.16666666666666666,0.0,0.3333333333333333,0.0,0.6666666666666666,0.23055555555555554,0.25,69889d6e,random_k3
9.0,1.0,0.5,0.0,0.0,0.5,0.5,0.5,0.8333333333333333,1.0,69889d6e,color_first
9.0,1.0,0.5,0.0,0.0,0.5,0.5,0.5,0.8333333333333333,1.0,69889d6e,nn_color_first
6.0,1.0,1.0,0.6666666666666666,0.3333333333333333,0.0,0.0,1.0,1.0,0.6666666666666666,69889d6e,object_first
2.5714285714285716,0.7142857142857143,1.0,1.0,0.2857142857142857,0.2857142857142857,0.0,0.7142857142857143,0.22380952380952382,0.19047619047619047,69889d6e,row_first
2.0,0.6666666666666666,1.0,0.0,1.0,0.3333333333333333,0.0,0.6666666666666666,0.2185185185185185,0.1722222222222222,69889d6e,col_first
2.9,0.25,0.05,0.05,0.05,0.75,0.0,0.25,0.12617229992229995,0.07118387494858083,6a1e5592,random_k3
29.0,1.0,0.5,0.0,0.0,0.5,0.5,0.5,0.72,1.0,6a1e5592,color_first
29.0,1.0,0.5,0.0,0.0,0.5,0.5,0.5,0.72,1.0,6a1e5592,nn_color_first
14.5,1.0,1.0,0.0,0.0,0.0,0.0,1.0,1.0,0.5,6a1e5592,object_first
11.6,0.6,0.6,1.0,0.0,0.8,0.4,0.2,0.2973354046524778,0.3043685503685504,6a1e5592,row_first
3.8666666666666667,0.4,0.9333333333333333,0.0,1.0,0.6,0.0,0.4,0.20590409590409595,0.1029297499885735,6a1e5592,col_first
2.9565217391304346,0.6086956521739131,0.0,0.0,0.043478260869565216,0.9565217391304348,0.5652173913043478,0.043478260869565216,0.24698722067537657,0.06762527826995593,6d58a25d,random_k3
34.0,1.0,0.0,0.0,0.0,1.0,1.0,0.0,0.6413793103448276,1.0,6d58a25d,color_first
34.0,1.0,0.0,0.0,0.0,1.0,1.0,0.0,0.6413793103448276,1.0,6d58a25d,nn_color_first
3.238095238095238,1.0,1.0,0.8571428571428571,0.9047619047619048,0.0,0.0,1.0,1.0,0.09523809523809523,6d58a25d,object_first
3.5789473684210527,0.8421052631578947,0.10526315789473684,1.0,0.05263157894736842,0.8947368421052632,0.7368421052631579,0.10526315789473684,0.25730490018148816,0.09340212116981625,6d58a25d,row_first
4.0,0.8235294117647058,0.7058823529411765,0.5294117647058824,1.0,0.4117647058823529,0.23529411764705882,0.5882352941176471,0.7068627450980393,0.08703086143867247,6d58a25d,col_first
2.0,1.0,0.5,0.5,0.5,0.5,0.5,0.5,0.5833333333333333,0.5,6ea4a07e,random_k3
4.0,1.0,0.0,0.0,0.0,1.0,1.0,0.0,0.5,1.0,6ea4a07e,color_first
4.0,1.0,0.0,0.0,0.0,1.0,1.0,0.0,0.5,1.0,6ea4a07e,nn_color_first
2.0,1.0,1.0,1.0,0.0,0.0,0.0,1.0,1.0,0.5,6ea4a07e,object_first
2.0,1.0,1.0,1.0,0.0,0.0,0.0,1.0,1.0,0.5,6ea4a07e,row_first
1.3333333333333333,1.0,0.6666666666666666,0.6666666666666666,1.0,0.3333333333333333,0.3333333333333333,0.6666666666666666,0.4444444444444444,0.3333333333333333,6ea4a07e,col_first
2.9726027397260273,0.2191780821917808,0.0410958904109589,0.0136986301369863,0.0273972602739726,0.9452054794520548,0.1643835616438356,0.0547945205479452,0.22789506046320965,0.062031502644635785,73251a56,random_k3
27.125,1.0,0.0,0.0,0.0,1.0,1.0,0.0,0.33265822957623414,1.0,73251a56,color_first
27.125,1.0,0.0,0.0,0.0,1.0,1.0,0.0,0.33265822957623414,1.0,73251a56,nn_color_first
3.6779661016949152,1.0,1.0,0.6610169491525424,0.6610169491525424,0.0,0.0,1.0,1.0,0.13559322033898305,73251a56,object_first
10.333333333333334,0.0,0.0,1.0,0.0,1.0,0.0,0.0,0.14418953791441919,0.07993098993098993,73251a56,row_first
10.333333333333334,0.0,0.0,0.0,1.0,1.0,0.0,0.0,0.14418953791441919,0.07993098993098993,73251a56,col_first
2.6,0.4,0.2,0.4,0.2,0.6,0.0,0.4,0.475,0.27055555555555555,73c3b0d8,random_k3
6.5,1.0,0.5,0.5,0.0,0.5,0.5,0.5,0.6,1.0,73c3b0d8,color_first
6.5,1.0,0.5,0.5,0.0,0.5,0.5,0.5,0.6,1.0,73c3b0d8,nn_color_first
2.1666666666666665,1.0,1.0,1.0,0.8333333333333334,0.0,0.0,1.0,1.0,0.3333333333333333,73c3b0d8,object_first
2.6,1.0,0.8,1.0,0.6,0.2,0.2,0.8,0.9,0.4,73c3b0d8,row_first
1.625,0.5,0.625,0.5,1.0,0.5,0.0,0.5,0.29166666666666663,0.16666666666666666,73c3b0d8,col_first
2.8666666666666667,0.2,0.06666666666666667,0.06666666666666667,0.06666666666666667,0.9333333333333333,0.13333333333333333,0.06666666666666667,0.33333333333333326,0.0906888588993852,7447852a,random_k3
21.5,1.0,0.0,0.0,0.0,1.0,1.0,0.0,0.1311111111111111,1.0,7447852a,color_first
21.5,1.0,0.0,0.0,0.0,1.0,1.0,0.0,0.1311111111111111,1.0,7447852a,nn_color_first
1.4333333333333333,1.0,1.0,0.8333333333333334,0.8333333333333334,0.0,0.0,1.0,1.0,0.06666666666666667,7447852a,object_first
14.333333333333334,0.0,0.0,1.0,0.0,1.0,0.0,0.0,0.16246498599439774,0.31055555555555553,7447852a,row_first
1.72,0.48,1.0,0.48,1.0,0.52,0.0,0.48,0.7280000000000001,0.057094736842105254,7447852a,col_first
2.5,0.5,0.5,0.5,0.0,0.5,0.0,0.5,0.5,0.6666666666666666,74dd1130,random_k3
2.5,1.0,0.5,1.0,0.0,0.5,0.5,0.5,0.75,1.0,74dd1130,color_first
2.5,1.0,0.5,1.0,0.0,0.5,0.5,0.5,0.75,1.0,74dd1130,nn_color_first
1.6666666666666667,1.0,1.0,1.0,0.6666666666666666,0.0,0.0,1.0,1.0,0.6666666666666666,74dd1130,object_first
2.5,1.0,0.5,1.0,0.0,0.5,0.5,0.5,0.75,1.0,74dd1130,row_first
1.6666666666666667,0.3333333333333333,1.0,0.3333333333333333,1.0,0.6666666666666666,0.0,0.3333333333333333,0.4444444444444444,0.3333333333333333,74dd1130,col_first
2.9655172413793105,0.3103448275862069,0.0,0.0,0.034482758620689655,0.9655172413793104,0.27586206896551724,0.034482758620689655,0.2616044449864382,0.047731668703969436,7df24a62,random_k3
43.0,1.0,0.0,0.0,0.0,1.0,1.0,0.0,0.200327868852459,1.0,7df24a62,color_first
43.0,1.0,0.0,0.0,0.0,1.0,1.0,0.0,0.200327868852459,1.0,7df24a62,nn_color_first
3.0714285714285716,1.0,1.0,0.8928571428571429,0.8928571428571429,0.0,0.0,1.0,1.0,0.07142857142857142,7df24a62,object_first
5.0588235294117645,0.35294117647058826,0.35294117647058826,1.0,0.11764705882352941,0.7058823529411765,0.058823529411764705,0.29411764705882354,0.31161614362049067,0.07885048242994444,7df24a62,row_first
4.777777777777778,0.5555555555555556,0.3888888888888889,0.2222222222222222,1.0,0.6111111111111112,0.16666666666666666,0.3888888888888889,0.40960209051996493,0.07743646535153265,7df24a62,col_first
2.9411764705882355,0.0,0.058823529411764705,0.058823529411764705,0.0,1.0,0.0,0.0,0.3382352941176471,0.15539852304558185,82819916,random_k3
8.333333333333334,1.0,0.0,0.5,0.0,1.0,1.0,0.0,0.2888888888888889,1.0,82819916,color_first
8.333333333333334,1.0,0.0,0.5,0.0,1.0,1.0,0.0,0.2888888888888889,1.0,82819916,nn_color_first
1.25,1.0,1.0,1.0,0.75,0.0,0.0,1.0,1.0,0.15,82819916,object_first
10.0,0.0,1.0,1.0,0.0,1.0,0.0,0.0,0.2,0.4333333333333333,82819916,row_first
5.0,0.0,0.0,0.0,1.0,1.0,0.0,0.0,0.18666666666666668,0.11111111111111112,82819916,col_first
2.7777777777777777,0.8888888888888888,0.1111111111111111,0.1111111111111111,0.1111111111111111,0.8888888888888888,0.7777777777777778,0.1111111111111111,0.3240740740740741,0.1388888888888889,834ec97d,random_k3
12.5,1.0,0.5,0.5,0.5,0.5,0.5,0.5,0.5833333333333334,1.0,834ec97d,color_first
12.5,1.0,0.5,0.5,0.5,0.5,0.5,0.5,0.5833333333333334,1.0,834ec97d,nn_color_first
3.5714285714285716,1.0,1.0,0.14285714285714285,1.0,0.0,0.0,1.0,1.0,0.28571428571428575,834ec97d,object_first
5.0,1.0,0.2,1.0,0.2,0.8,0.8,0.2,0.28888888888888886,0.4,834ec97d,row_first
4.166666666666667,0.8333333333333334,1.0,0.0,1.0,0.16666666666666666,0.0,0.8333333333333334,0.9666666666666667,0.1722222222222222,834ec97d,col_first
2.9782608695652173,0.08695652173913043,0.0,0.0,0.0,0.9347826086956522,0.021739130434782608,0.06521739130434782,0.22173577428084326,0.06999906458882324,8cb8642d,random_k3
22.833333333333332,1.0,0.5,0.0,0.0,0.5,0.5,0.5,0.6740196078431372,1.0,8cb8642d,color_first
22.833333333333332,1.0,0.5,0.0,0.0,0.5,0.5,0.5,0.6740196078431372,1.0,8cb8642d,nn_color_first
4.029411764705882,1.0,1.0,0.8235294117647058,0.8529411764705882,0.0,0.0,1.0,1.0,0.17647058823529413,8cb8642d,object_first
8.058823529411764,0.11764705882352941,0.11764705882352941,1.0,0.0,0.8823529411764706,0.0,0.11764705882352941,0.20486587865104489,0.15710454126122453,8cb8642d,row_first
6.523809523809524,0.19047619047619047,0.19047619047619047,0.0,1.0,0.8095238095238095,0.0,0.19047619047619047,0.2825585789871504,0.1744659267215658,8cb8642d,col_first
2.9166666666666665,0.25,0.0,0.0,0.0,1.0,0.25,0.0,0.23472222222222225,0.10133838383838382,90f3ed37,random_k3
17.5,1.0,0.0,0.0,0.0,1.0,1.0,0.0,0.41000000000000003,1.0,90f3ed37,color_first
17.5,1.0,0.0,0.0,0.0,1.0,1.0,0.0,0.41000000000000003,1.0,90f3ed37,nn_color_first
4.375,1.0,1.0,1.0,0.0,0.0,0.0,1.0,1.0,0.25,90f3ed37,object_first
5.833333333333333,0.6666666666666666,1.0,1.0,0.0,0.3333333333333333,0.0,0.6666666666666666,0.9047619047619048,0.2788888888888889,90f3ed37,row_first
3.5,0.5,0.0,0.0,1.0,1.0,0.5,0.0,0.18916666666666665,0.14333333333333337,90f3ed37,col_first
2.6666666666666665,0.16666666666666666,0.16666666666666666,0.16666666666666666,0.16666666666666666,0.8333333333333334,0.0,0.16666666666666666,0.36944444444444446,0.31666666666666665,93b581b8,random_k3
4.0,1.0,0.0,0.0,0.0,1.0,1.0,0.0,0.7333333333333334,1.0,93b581b8,color_first
4.0,1.0,0.0,0.0,0.0,1.0,1.0,0.0,0.7333333333333334,1.0,93b581b8,nn_color_first
2.0,1.0,1.0,0.75,0.5,0.0,0.0,1.0,1.0,0.5,93b581b8,object_first
3.2,0.0,0.4,1.0,0.0,1.0,0.0,0.0,0.4333333333333333,0.2776190476190476,93b581b8,row_first
2.6666666666666665,0.0,0.3333333333333333,0.0,1.0,1.0,0.0,0.0,0.43333333333333335,0.3055555555555555,93b581b8,col_first
3.0,0.037037037037037035,0.0,0.037037037037037035,0.0,0.9629629629629629,0.0,0.037037037037037035,0.20634920634920637,0.06400994506329664,96a8c0cd,random_k3
27.0,1.0,0.3333333333333333,0.0,0.0,0.6666666666666666,0.6666666666666666,0.3333333333333333,0.44166666666666665,1.0,96a8c0cd,color_first
27.0,1.0,0.3333333333333333,0.0,0.0,0.6666666666666666,0.6666666666666666,0.3333333333333333,0.44166666666666665,1.0,96a8c0cd,nn_color_first
5.785714285714286,1.0,1.0,0.0,0.9285714285714286,0.0,0.0,1.0,1.0,0.21428571428571436,96a8c0cd,object_first
6.75,0.3333333333333333,0.25,1.0,0.25,0.75,0.08333333333333333,0.25,0.22109357027835289,0.12754198297676558,96a8c0cd,row_first
2.793103448275862,0.7586206896551724,0.8275862068965517,0.5172413793103449,1.0,0.2413793103448276,0.0,0.7586206896551724,0.14991789819376025,0.08681444991789818,96a8c0cd,col_first
2.951219512195122,1.0,0.024390243902439025,0.024390243902439025,0.024390243902439025,0.36585365853658536,0.36585365853658536,0.6341463414634146,0.13960511033681763,0.024390243902439025,9ddd00f0,random_k3
121.0,1.0,0.0,0.0,0.0,1.0,1.0,0.0,0.8677685950413223,1.0,9ddd00f0,color_first
121.0,1.0,0.0,0.0,0.0,1.0,1.0,0.0,0.8677685950413223,1.0,9ddd00f0,nn_color_first
7.117647058823529,1.0,1.0,0.9411764705882353,0.9411764705882353,0.0,0.0,1.0,1.0,0.0588235294117647,9ddd00f0,object_first
6.368421052631579,1.0,0.15789473684210525,1.0,0.0,0.21052631578947367,0.21052631578947367,0.7894736842105263,0.07669172932330826,0.05263157894736842,9ddd00f0,row_first
6.368421052631579,1.0,0.15789473684210525,0.0,1.0,0.21052631578947367,0.21052631578947367,0.7894736842105263,0.07669172932330826,0.05263157894736842,9ddd00f0,col_first
2.6,0.2,0.2,0.2,0.4,0.8,0.0,0.2,0.4333333333333333,0.41428571428571426,9dfd6313,random_k3
2.6,1.0,0.8,0.4,0.6,0.2,0.2,0.8,0.8333333333333333,1.0,9dfd6313,color_first
2.6,1.0,0.8,0.4,0.6,0.2,0.2,0.8,0.8333333333333333,1.0,9dfd6313,nn_color_first
1.3,1.0,1.0,0.8,0.9,0.0,0.0,1.0,1.0,0.5,9dfd6313,object_first
2.1666666666666665,0.3333333333333333,0.6666666666666666,1.0,0.3333333333333333,0.6666666666666666,0.0,0.3333333333333333,0.6388888888888888,0.3055555555555555,9dfd6313,row_first
2.1666666666666665,0.5,0.6666666666666666,0.5,1.0,0.5,0.0,0.5,0.7499999999999999,0.3333333333333333,9dfd6313,col_first
2.6666666666666665,0.5,0.16666666666666666,0.16666666666666666,0.16666666666666666,0.5,0.0,0.5,0.4166666666666667,0.20833333333333334,a1570a43,random_k3
8.0,1.0,0.5,0.0,0.0,0.5,0.5,0.5,0.625,1.0,a1570a43,color_first
8.0,1.0,0.5,0.0,0.0,0.5,0.5,0.5,0.625,1.0,a1570a43,nn_color_first
3.2,1.0,1.0,0.8,0.8,0.0,0.0,1.0,1.0,0.4,a1570a43,object_first
2.2857142857142856,1.0,0.7142857142857143,1.0,0.2857142857142857,0.2857142857142857,0.2857142857142857,0.7142857142857143,0.2857142857142857,0.2857142857142857,a1570a43,row_first
2.2857142857142856,1.0,0.7142857142857143,0.2857142857142857,1.0,0.2857142857142857,0.2857142857142857,0.7142857142857143,0.2857142857142857,0.2857142857142857,a1570a43,col_first
2.5,1.0,0.25,0.25,0.25,0.75,0.75,0.25,0.5,0.24999999999999997,a3df8b1e,random_k3
10.0,1.0,0.0,0.0,0.0,1.0,1.0,0.0,0.1,1.0,a3df8b1e,color_first
10.0,1.0,0.0,0.0,0.0,1.0,1.0,0.0,0.1,1.0,a3df8b1e,nn_color_first
1.0,1.0,1.0,1.0,1.0,0.0,0.0,1.0,1.0,0.1,a3df8b1e,object_first
1.0,1.0,1.0,1.0,1.0,0.0,0.0,1.0,1.0,0.1,a3df8b1e,row_first
2.0,1.0,0.2,0.2,1.0,0.8,0.8,0.2,0.5666666666666667,0.19999999999999998,a3df8b1e,col_first
2.9411764705882355,0.8235294117647058,0.058823529411764705,0.058823529411764705,0.0,0.17647058823529413,0.0,0.8235294117647058,0.11013767209011265,0.08660826032540676,baf41dbf,random_k3
25.0,1.0,0.5,0.0,0.0,0.5,0.5,0.5,0.6666666666666666,1.0,baf41dbf,color_first
25.0,1.0,0.5,0.0,0.0,0.5,0.5,0.5,0.6666666666666666,1.0,baf41dbf,nn_color_first
12.5,1.0,1.0,0.75,0.75,0.0,0.0,1.0,1.0,0.49999999999999994,baf41dbf,object_first
4.545454545454546,0.8181818181818182,0.36363636363636365,1.0,0.09090909090909091,0.18181818181818182,0.0,0.8181818181818182,0.2078094777562863,0.13508220502901352,baf41dbf,row_first
3.8461538461538463,0.9230769230769231,0.3076923076923077,0.15384615384615385,1.0,0.07692307692307693,0.0,0.9230769230769231,0.24509001636661212,0.13611565739225312,baf41dbf,col_first
3.0,0.6842105263157895,0.0,0.0,0.0,0.9824561403508771,0.6666666666666666,0.017543859649122806,0.2523950612535886,0.04207086343309253,bcb3040b,random_k3
57.0,1.0,0.0,0.0,0.0,1.0,1.0,0.0,0.12946623093681917,1.0,bcb3040b,color_first
57.0,1.0,0.0,0.0,0.0,1.0,1.0,0.0,0.12946623093681917,1.0,bcb3040b,nn_color_first
3.0535714285714284,1.0,1.0,0.75,0.6964285714285714,0.0,0.0,1.0,1.0,0.05357142857142857,bcb3040b,object_first
9.5,0.0,0.0,1.0,0.0,1.0,0.0,0.0,0.23759879659002467,0.06808694210654995,bcb3040b,row_first
9.5,0.0,0.0,0.0,1.0,1.0,0.0,0.0,0.1872941970689468,0.06330738524365975,bcb3040b,col_first
2.9411764705882355,0.4117647058823529,0.058823529411764705,0.058823529411764705,0.0,0.9411764705882353,0.35294117647058826,0.058823529411764705,0.14134722927975524,0.12020202020202019,c0f76784,random_k3
12.5,1.0,0.75,0.25,0.25,0.25,0.25,0.75,0.8611111111111112,1.0,c0f76784,color_first
12.5,1.0,0.75,0.25,0.25,0.25,0.25,0.75,0.8611111111111112,1.0,c0f76784,nn_color_first
8.333333333333334,1.0,1.0,0.16666666666666666,0.16666666666666666,0.0,0.0,1.0,1.0,0.6666666666666666,c0f76784,object_first
5.0,0.4,0.8,1.0,0.0,0.6,0.0,0.4,0.3060215004293952,0.206004056004056,c0f76784,row_first
5.0,0.4,0.8,0.0,1.0,0.6,0.0,0.4,0.30932486631016043,0.2012998405103668,c0f76784,col_first
2.973684210526316,0.23684210526315788,0.0,0.05263157894736842,0.02631578947368421,0.7631578947368421,0.0,0.23684210526315788,0.2565452091767882,0.0659514170040486,c444b776,random_k3
28.25,1.0,0.25,0.0,0.0,0.75,0.75,0.25,0.3125,1.0,c444b776,color_first
28.25,1.0,0.25,0.0,0.0,0.75,0.75,0.25,0.3125,1.0,c444b776,nn_color_first
2.627906976744186,1.0,1.0,0.8372093023255814,0.9767441860465116,0.0,0.0,1.0,1.0,0.09302325581395349,c444b776,object_first
5.947368421052632,0.3684210526315789,0.05263157894736842,1.0,0.0,0.631578947368421,0.0,0.3684210526315789,0.1437246963562753,0.15588065185588407,c444b776,row_first
3.896551724137931,0.4827586206896552,0.4827586206896552,0.41379310344827586,1.0,0.5172413793103449,0.0,0.4827586206896552,0.17824933687002653,0.10249336870026525,c444b776,col_first
2.3333333333333335,0.3333333333333333,0.6666666666666666,0.3333333333333333,0.3333333333333333,0.6666666666666666,0.0,0.3333333333333333,0.6666666666666666,0.3833333333333333,c8f0f002,random_k3
3.5,1.0,0.0,0.0,0.0,1.0,1.0,0.0,0.4583333333333333,1.0,c8f0f002,color_first
3.5,1.0,0.0,0.0,0.0,1.0,1.0,0.0,0.4583333333333333,1.0,c8f0f002,nn_color_first
1.1666666666666667,1.0,1.0,0.8333333333333334,1.0,0.0,0.0,1.0,1.0,0.3333333333333333,c8f0f002,object_first
2.3333333333333335,0.3333333333333333,0.3333333333333333,1.0,0.0,1.0,0.3333333333333333,0.0,0.4444444444444444,0.4166666666666667,c8f0f002,row_first
1.4,0.8,1.0,0.8,1.0,0.2,0.0,0.8,0.9333333333333332,0.31666666666666665,c8f0f002,col_first
3.0,0.007692307692307693,0.0,0.0,0.0,1.0,0.007692307692307693,0.0,0.3333333333333333,0.027358706028770816,ca8f78db,random_k3
55.714285714285715,1.0,0.0,0.0,0.0,1.0,1.0,0.0,0.01825396825396825,1.0,ca8f78db,color_first
55.714285714285715,1.0,0.0,0.0,0.0,1.0,1.0,0.0,0.01825396825396825,1.0,ca8f78db,nn_color_first
1.0,1.0,1.0,1.0,1.0,0.0,0.0,1.0,1.0,0.017948717948717947,ca8f78db,object_first
26.0,0.0,0.0,1.0,0.0,1.0,0.0,0.0,0.03846153846153845,0.048780487804878064,ca8f78db,row_first
15.0,1.0,0.0,0.0,1.0,1.0,1.0,0.0,0.06666666666666667,0.2692307692307692,ca8f78db,col_first
2.888888888888889,0.3333333333333333,0.0,0.0,0.2222222222222222,1.0,0.3333333333333333,0.0,0.2962962962962963,0.16485551485551483,ce9e57f2,random_k3
13.0,1.0,0.0,0.0,0.0,1.0,1.0,0.0,0.3869047619047619,1.0,ce9e57f2,color_first
13.0,1.0,0.0,0.0,0.0,1.0,1.0,0.0,0.3869047619047619,1.0,ce9e57f2,nn_color_first
3.25,1.0,1.0,0.25,1.0,0.0,0.0,1.0,1.0,0.25,ce9e57f2,object_first
2.6,0.6,0.1,1.0,0.1,0.9,0.5,0.1,0.19666666666666668,0.16479853479853482,ce9e57f2,row_first
6.5,0.0,1.0,0.0,1.0,1.0,0.0,0.0,0.5388888888888889,0.20907962543991954,ce9e57f2,col_first
3.0,0.0,0.0,0.0,0.1,1.0,0.0,0.0,0.33333333333333337,0.2261904761904762,d364b489,random_k3
6.0,1.0,0.0,0.0,0.0,1.0,1.0,0.0,0.16857142857142854,1.0,d364b489,color_first
6.0,1.0,0.0,0.0,0.0,1.0,1.0,0.0,0.16857142857142854,1.0,d364b489,nn_color_first
1.0,1.0,1.0,1.0,1.0,0.0,0.0,1.0,1.0,0.1666666666666667,d364b489,object_first
3.0,0.4,0.3,1.0,0.2,0.8,0.2,0.2,0.45666666666666667,0.21912698412698414,d364b489,row_first
3.0,0.2,0.2,0.1,1.0,0.9,0.1,0.1,0.41666666666666663,0.18115079365079362,d364b489,col_first
2.857142857142857,0.0,0.0,0.0,0.14285714285714285,1.0,0.0,0.0,0.39285714285714285,0.20476190476190473,d43fd935,random_k3
6.666666666666667,1.0,0.3333333333333333,0.0,0.0,0.6666666666666666,0.6666666666666666,0.3333333333333333,0.6507936507936507,1.0,d43fd935,color_first
6.666666666666667,1.0,0.3333333333333333,0.0,0.0,0.6666666666666666,0.6666666666666666,0.3333333333333333,0.6507936507936507,1.0,d43fd935,nn_color_first
2.0,1.0,1.0,0.7,0.8,0.0,0.0,1.0,1.0,0.29999999999999993,d43fd935,object_first
2.0,0.6,0.4,1.0,0.2,0.7,0.3,0.3,0.4333333333333333,0.21607142857142855,d43fd935,row_first
3.3333333333333335,0.5,0.6666666666666666,0.3333333333333333,1.0,0.5,0.0,0.5,0.5444444444444444,0.28287545787545787,d43fd935,col_first
2.75,0.0,0.25,0.0,0.25,1.0,0.0,0.0,0.375,0.35416666666666663,d511f180,random_k3
1.5714285714285714,1.0,0.7142857142857143,0.42857142857142855,0.7142857142857143,0.2857142857142857,0.2857142857142857,0.7142857142857143,0.8571428571428571,1.0,d511f180,color_first
1.5714285714285714,1.0,0.7142857142857143,0.42857142857142855,0.7142857142857143,0.2857142857142857,0.2857142857142857,0.7142857142857143,0.8571428571428571,1.0,d511f180,nn_color_first
1.2222222222222223,1.0,1.0,0.7777777777777778,1.0,0.0,0.0,1.0,1.0,0.7777777777777778,d511f180,object_first
2.75,0.0,0.75,1.0,0.0,1.0,0.0,0.0,0.3958333333333333,0.3333333333333333,d511f180,row_first
2.75,0.0,1.0,0.0,1.0,1.0,0.0,0.0,0.5416666666666666,0.5,d511f180,col_first
2.7777777777777777,1.0,0.1111111111111111,0.1111111111111111,0.1111111111111111,0.1111111111111111,0.1111111111111111,0.8888888888888888,0.1388888888888889,0.1111111111111111,d5d6de2d,random_k3
25.0,1.0,0.0,0.0,0.0,1.0,1.0,0.0,0.96,1.0,d5d6de2d,color_first
25.0,1.0,0.0,0.0,0.0,1.0,1.0,0.0,0.96,1.0,d5d6de2d,nn_color_first
12.5,1.0,1.0,0.5,0.5,0.0,0.0,1.0,1.0,0.5,d5d6de2d,object_first
5.0,1.0,1.0,1.0,0.2,0.0,0.0,1.0,0.4,0.2,d5d6de2d,row_first
3.5714285714285716,1.0,1.0,0.14285714285714285,1.0,0.0,0.0,1.0,0.28571428571428575,0.14285714285714285,d5d6de2d,col_first
2.9166666666666665,0.75,0.0,0.0,0.0,0.9166666666666666,0.6666666666666666,0.08333333333333333,0.19823232323232323,0.11770833333333332,d9f24cd1,random_k3
17.5,1.0,0.0,0.0,0.0,1.0,1.0,0.0,0.33854166666666663,1.0,d9f24cd1,color_first
17.5,1.0,0.0,0.0,0.0,1.0,1.0,0.0,0.33854166666666663,1.0,d9f24cd1,nn_color_first
5.833333333333333,1.0,1.0,0.5,0.6666666666666666,0.0,0.0,1.0,1.0,0.3333333333333333,d9f24cd1,object_first
3.5,0.7,0.0,1.0,0.0,1.0,0.7,0.0,0.1474358974358974,0.121875,d9f24cd1,row_first
5.833333333333333,0.6666666666666666,1.0,0.16666666666666666,1.0,0.3333333333333333,0.0,0.6666666666666666,0.6565656565656566,0.23358585858585856,d9f24cd1,col_first
2.8823529411764706,0.23529411764705882,0.058823529411764705,0.11764705882352941,0.058823529411764705,0.9411764705882353,0.17647058823529413,0.058823529411764705,0.194140989729225,0.12233354880413702,e69241bd,random_k3
12.25,1.0,0.75,0.0,0.0,0.25,0.25,0.75,0.8461538461538461,1.0,e69241bd,color_first
12.25,1.0,0.75,0.0,0.0,0.25,0.25,0.75,0.8461538461538461,1.0,e69241bd,nn_color_first
5.444444444444445,1.0,1.0,0.2222222222222222,0.2222222222222222,0.0,0.0,1.0,1.0,0.4444444444444444,e69241bd,object_first
5.444444444444445,0.0,0.0,1.0,0.0,1.0,0.0,0.0,0.27434879934879935,0.23822484100261876,e69241bd,row_first
5.444444444444445,0.1111111111111111,0.0,0.0,1.0,1.0,0.1111111111111111,0.0,0.3024099357432691,0.20728376561709896,e69241bd,col_first
2.8,0.3,0.1,0.1,0.1,0.9,0.2,0.1,0.3366666666666667,0.18115301365301367,e8593010,random_k3
9.333333333333334,1.0,0.0,0.0,0.0,1.0,1.0,0.0,0.20555555555555557,1.0,e8593010,color_first
9.333333333333334,1.0,0.0,0.0,0.0,1.0,1.0,0.0,0.20555555555555557,1.0,e8593010,nn_color_first
1.8666666666666667,1.0,1.0,0.4666666666666667,0.6666666666666666,0.0,0.0,1.0,1.0,0.19999999999999993,e8593010,object_first
2.8,0.2,0.1,1.0,0.0,0.9,0.1,0.1,0.43999999999999995,0.1555852480852481,e8593010,row_first
3.111111111111111,0.3333333333333333,0.1111111111111111,0.1111111111111111,1.0,0.8888888888888888,0.2222222222222222,0.1111111111111111,0.4722222222222221,0.21500721500721498,e8593010,col_first
2.5,0.25,0.25,0.25,0.25,0.75,0.0,0.25,0.5416666666666666,0.32142857142857145,ecaa0ec1,random_k3
3.3333333333333335,1.0,0.6666666666666666,0.3333333333333333,0.3333333333333333,0.3333333333333333,0.3333333333333333,0.6666666666666666,0.9444444444444445,1.0,ecaa0ec1,color_first
3.3333333333333335,1.0,0.6666666666666666,0.3333333333333333,0.3333333333333333,0.3333333333333333,0.3333333333333333,0.6666666666666666,0.9444444444444445,1.0,ecaa0ec1,nn_color_first
2.5,1.0,1.0,0.5,0.5,0.0,0.0,1.0,1.0,0.75,ecaa0ec1,object_first
2.5,0.5,1.0,1.0,0.25,0.5,0.0,0.5,0.6083333333333333,0.5714285714285714,ecaa0ec1,row_first
2.5,0.5,1.0,0.25,1.0,0.5,0.0,0.5,0.6083333333333333,0.5714285714285714,ecaa0ec1,col_first
3.0,0.3076923076923077,0.0,0.0,0.07692307692307693,1.0,0.3076923076923077,0.0,0.31730769230769224,0.1023151776384535,fe9372f3,random_k3
19.5,1.0,0.25,0.0,0.0,0.75,0.75,0.25,0.2958872126436781,1.0,fe9372f3,color_first
19.5,1.0,0.25,0.0,0.0,0.75,0.75,0.25,0.2958872126436781,1.0,fe9372f3,nn_color_first
1.3,1.0,1.0,0.8333333333333334,0.9,0.0,0.0,1.0,1.0,0.06666666666666667,fe9372f3,object_first
2.6,0.36666666666666664,0.4666666666666667,1.0,0.36666666666666664,0.6333333333333333,0.0,0.36666666666666664,0.4941520467836257,0.06807002703554427,fe9372f3,row_first
4.588235294117647,0.0,0.17647058823529413,0.0,1.0,1.0,0.0,0.0,0.31924019607843135,0.09720524573465751,fe9372f3,col_first
4.110785463071513,0.9976553341148886,0.8974208675263775,0.43259085580304807,0.6834701055099648,0.33939038686987105,0.3388042203985932,0.30773739742086753,0.19261876135340814,0.02899783886375548,00d62c1b,human
9.116637323943662,1.0,0.9264964788732394,0.3644366197183099,0.37455985915492956,0.24779929577464788,0.24779929577464788,0.5189260563380281,0.19890949699048577,0.14604245371517763,00dbd492,human
7.538778568752342,0.9996253278381416,0.9276882727613338,0.36155863619333084,0.347695766204571,0.13263394529786438,0.13263394529786438,0.48819782690146124,0.04604356774677582,0.04604356774677582,0a2355a6,human
6.594844170834937,0.996921893035783,0.9118891881492882,0.8230088495575221,0.3001154290111581,0.12543285879184302,0.1250480954213159,0.1373605232781839,0.016334488959887115,0.00888428920571899,0a938d79,human
2.7661290322580645,0.8870967741935484,0.14112903225806453,0.12096774193548387,0.12096774193548387,0.7217741935483871,0.6209677419354839,0.16532258064516128,0.4378216205837174,0.7373337348135736,0b17323b,human
3.970360824742268,0.979381443298969,0.21005154639175258,0.19458762886597938,0.1958762886597938,0.2757731958762887,0.26417525773195877,0.2912371134020619,0.1679134403683373,0.17536936607964507,0ca9ddb6,human
2.9523809523809526,0.9955357142857143,0.9910714285714286,0.9642857142857143,0.044642857142857144,0.9404761904761905,0.9360119047619048,0.050595238095238096,0.20964427437641722,0.20964427437641722,0d3d703e,human
7.753984246198938,0.9998168162667155,0.9113390730903096,0.45942480307748673,0.5339805825242718,0.001648653599560359,0.001648653599560359,0.6590950723575747,0.015278331531522018,0.015024312876348842,0d87d2a6,human
5.413533834586466,0.9982648930017352,0.9115095430884904,0.4893001735106998,0.47137073452862926,0.00578368999421631,0.00578368999421631,0.42105263157894735,0.02032068120725175,0.02032068120725175,0e671a1a,human
4.379210779595765,0.9923002887391723,0.5052935514918191,0.27718960538979787,0.34071222329162654,0.45813282001924927,0.4542829643888354,0.42059672762271416,0.24361957738167087,0.13276623277169372,12eac192,human
4.809238665526091,0.7604790419161677,0.49272882805816937,0.4508126603934987,0.43370402053036783,0.03592814371257485,0.03507271171941831,0.21129170230966637,0.010074784336697609,0.010074784336697609,1a07d186,human
3.0544918998527244,0.9263622974963182,0.8372606774668631,0.5824742268041238,0.5456553755522827,0.0066273932253313695,0.004418262150220913,0.8438880706921944,0.06779541376781044,0.06779541376781044,1b60fb0c,human
5.7942202291978075,0.9990034877927254,0.9267563527653214,0.528649725959143,0.5401096163428002,0.3059292476332835,0.3059292476332835,0.6223218734429496,0.09512708343466805,0.09512708343466805,1bfc4729,human
7.321525148729043,0.9994591671173607,0.916170903190914,0.5446187128177393,0.5648999459167118,0.3912925905895078,0.3910221741481882,0.25716603569497026,0.10368412649747037,0.10368412649747037,1c02dbbe,human
6.798899237933954,0.9970364098221846,0.48221845893310755,0.24216765453005928,0.23962743437764605,0.43014394580863674,0.42929720575783237,0.3094834885690093,0.1890391908213889,0.060211259826995565,1c0d0a4b,human
3.6922669491525424,0.9978813559322034,0.7245762711864406,0.3606991525423729,0.3744703389830508,0.0513771186440678,0.05031779661016949,0.2680084745762712,0.06586955120067096,0.04995825382484876,1caeab9d,human
5.688311688311688,0.38441558441558443,0.561038961038961,0.4025974025974026,0.24415584415584415,0.5038961038961038,0.04935064935064935,0.14025974025974025,0.15927032563396198,0.15927032563396198,1e0a9b12,human
4.643710470836261,1.0,0.8243148278285313,0.34855938158819394,0.3949402670414617,0.3056921995783556,0.3056921995783556,0.5586788475052705,0.3987440424648132,0.04884546272529794,1e32b0e9,human
3.733458470201783,0.993899577663069,0.8409197559831065,0.325668700140779,0.333646175504458,0.0,0.0,0.23744720788362272,0.032597175670833145,0.032597175670833145,1f0c79e5,human
4.7145877378435515,0.5581395348837209,0.5137420718816068,0.492600422832981,0.47357293868921774,0.44820295983086683,0.07188160676532769,0.30655391120507397,0.24110096346396648,0.14443567924200867,1f642eb9,human
2.808849557522124,0.9787610619469026,0.11769911504424779,0.09380530973451327,0.08672566371681416,0.1920353982300885,0.18495575221238938,0.40353982300884955,0.26562649248489956,0.18613267754860677,1f876c06,human
7.180718954248366,0.9993464052287582,0.8784313725490196,0.5183006535947713,0.5450980392156862,0.28169934640522876,0.28137254901960784,0.37026143790849675,0.05257662613505402,0.05257662613505402,21f83797,human
3.769911504424779,0.9984609465178915,0.8495575221238938,0.6641015775298191,0.6691035013466718,0.24509426702577913,0.24393997691419778,0.48941900731050403,0.24673048240104137,0.1427508060396263,23581191,human
3.384882108183079,0.9729542302357836,0.834257975034674,0.4646324549237171,0.42857142857142855,0.02565880721220527,0.024271844660194174,0.5,0.14221820136142294,0.04235497917168803,2546ccf6,human
9.75565361279647,0.9939327082184225,0.9288472145615003,0.48924434638720354,0.43849972421400996,0.0,0.0,0.23717595146166576,0.027343352232985913,0.027343352232985913,2bcee788,human
6.8147743813682675,0.9996360989810772,0.9119359534206696,0.5513100436681223,0.6124454148471615,0.3951965065502183,0.3951965065502183,0.33406113537117904,0.14083282591377574,0.04990690883036654,2bee17df,human
6.061827956989247,0.9986559139784946,0.8797043010752689,0.5625,0.5739247311827957,0.15793010752688172,0.15793010752688172,0.3682795698924731,0.14358901610804875,0.03553987650961164,2c608aff,human
5.099310344827586,0.9972413793103448,0.926896551724138,0.37655172413793103,0.4262068965517241,0.43448275862068964,0.43310344827586206,0.34620689655172415,0.17136886605406754,0.0573588403589159,2dd70a9a,human
5.721561969439728,0.9881154499151104,0.40407470288624786,0.32767402376910015,0.3531409168081494,0.5789473684210527,0.5704584040747029,0.1460101867572156,0.21228839638088018,0.07222609950652838,32597951,human
3.869387755102041,0.9755102040816327,0.2,0.0653061224489796,0.05714285714285714,0.8857142857142857,0.8612244897959184,0.08163265306122448,0.21371558147068345,0.20827618226777886,3aa6fb7a,human
5.219409282700422,0.979957805907173,0.20569620253164558,0.20464135021097046,0.25,0.4609704641350211,0.44936708860759494,0.0938818565400844,0.13161058247618188,0.1250761893522112,3ac3eb23,human
5.154611557596632,0.9984691924990432,0.8978185993111366,0.3482587064676617,0.3593570608495982,0.11519326444699579,0.11366245694603903,0.8469192499043245,0.6898254768716666,0.13879598055433678,3befdf3e,human
5.098674521354933,0.9970544918998527,0.9234167893961709,0.2960235640648012,0.390279823269514,0.32989690721649484,0.3284241531664212,0.17378497790868924,0.16697181377777842,0.11568855357662478,3eda0437,human
6.635204081632653,0.9991496598639455,0.9379251700680272,0.1836734693877551,0.1989795918367347,0.43197278911564624,0.43112244897959184,0.32908163265306123,0.16644327140685225,0.08363754247466221,4258a5f9,human
4.4105090311986865,0.8037766830870279,0.638752052545156,0.6683087027914614,0.5509031198686372,0.22660098522167488,0.12807881773399016,0.2348111658456486,0.14218633943047124,0.016748373470572453,42a15761,human
8.069339831634913,0.9993354009747453,0.8659725299069562,0.4915817456801063,0.5039875941515286,0.3176783340717767,0.3172352680549402,0.3455914931324767,0.0956599428121417,0.08407221798163782,4b6b68e5,human
4.477165354330709,0.9874015748031496,0.8992125984251969,0.2078740157480315,0.28346456692913385,0.0,0.0,0.026771653543307086,0.007759967504061993,0.0021146888724470933,5168d44c,human
5.81227173119065,0.9897735573411249,0.3929875821767714,0.3323593864134405,0.3323593864134405,0.40029218407596784,0.3951789627465303,0.20964207450693936,0.22928650860336736,0.16422990781445526,55783887,human
3.21,0.9233333333333333,0.18333333333333332,0.1,0.1,0.12833333333333333,0.09666666666666666,0.6183333333333333,0.14681630737471693,0.10074327755577756,5c0a986e,human
11.73320659062104,1.0,0.9252217997465145,0.3669201520912547,0.49302915082382764,0.4252217997465146,0.4252217997465146,0.31749049429657794,0.10539418044477568,0.09034501365153493,6455b5f5,human
4.280735721200387,0.9699903194578896,0.8451113262342691,0.3717328170377541,0.3736689254598258,0.2245885769603098,0.2149080348499516,0.30300096805421106,0.10987555232796656,0.09176005761628106,69889d6e,human
5.257265877287406,0.9992823824901328,0.940437746681019,0.5224255471833513,0.5360602798708288,0.15715823466092574,0.15715823466092574,0.21026193039110155,0.04388312622285374,0.022185352017729566,6a1e5592,human
7.345272206303725,0.994269340974212,0.8746418338108882,0.8058739255014327,0.32951289398280803,0.23710601719197708,0.2349570200573066,0.3216332378223496,0.07750435212695962,0.04143996243079089,6d58a25d,human
3.851258581235698,0.9908466819221968,0.6132723112128147,0.06178489702517163,0.2379862700228833,0.7299771167048055,0.7208237986270023,0.2219679633867277,0.21143892339544512,0.2741382441611275,6ea4a07e,human
3.2089019525509133,0.9970606760445098,0.8922947722023935,0.5727482678983834,0.4896073903002309,0.11001469661977745,0.10833508293092589,0.6325845055637204,0.19549612586637463,0.029666869928914666,73251a56,human
4.163187855787476,0.6280834914611005,0.396584440227704,0.3187855787476281,0.3301707779886148,0.349146110056926,0.1461100569259962,0.29791271347248577,0.16402941320452968,0.1363066879011592,73c3b0d8,human
4.2105263157894735,0.9984051036682615,0.8524720893141946,0.1339712918660287,0.17862838915470494,0.008771929824561403,0.008771929824561403,0.04704944178628389,0.02619461231128035,0.005838668217033294,7447852a,human
3.1171875,0.8390625,0.7140625,0.246875,0.5546875,0.5046875,0.390625,0.365625,0.3283147321428571,0.3060342261904762,74dd1130,human
5.611006879299563,0.9993746091307066,0.9055659787367104,0.42338961851156975,0.41213258286429016,0.1957473420888055,0.1951219512195122,0.2858036272670419,0.09018832720480104,0.022365056677421804,7df24a62,human
3.281124497991968,0.9352409638554217,0.3217871485943775,0.21887550200803213,0.9487951807228916,0.3142570281124498,0.2720883534136546,0.3157630522088353,0.20989343729614893,0.07247023208689128,82819916,human
3.5591882750845545,0.996054114994363,0.8534385569334837,0.8066516347237881,0.32525366403607664,0.10259301014656144,0.10259301014656144,0.2040586245772266,0.055059538357655105,0.018748384841738346,834ec97d,human
5.024001315140556,0.9981916817359855,0.7246424461614335,0.525891829689298,0.4984382705901693,0.17655761959559427,0.17573565674831498,0.3703764589840539,0.13134643738574883,0.05452466226548545,8cb8642d,human
5.113543091655266,1.0,0.8235294117647058,0.20930232558139536,0.761969904240766,0.06703146374829001,0.06703146374829001,0.4528043775649795,0.06578426246013283,0.035615426645649324,90f3ed37,human
2.904621435594887,0.9567354965585054,0.9341199606686332,0.19960668633235004,0.5191740412979351,0.22517207472959685,0.1976401179941003,0.6755162241887905,0.23880682848234472,0.17406102855955358,93b581b8,human
5.563226744186046,0.9956395348837209,0.9149709302325582,0.40334302325581395,0.4538517441860465,0.14534883720930233,0.14280523255813954,0.2063953488372093,0.05171760851278035,0.01733832119430676,96a8c0cd,human
5.684294871794871,0.9987980769230769,0.9575320512820513,0.4348958333333333,0.4561298076923077,0.013221153846153846,0.013020833333333334,0.31009615384615385,0.14963416466894353,0.0036452074628518616,9ddd00f0,human
2.9510489510489513,0.7871017871017871,0.7365967365967366,0.445998445998446,0.42424242424242425,0.17016317016317017,0.11732711732711733,0.2198912198912199,0.1855732047456989,0.18874082189933006,9dfd6313,human
3.793677204658902,0.9550748752079867,0.8643926788685524,0.6231281198003328,0.4700499168053245,0.018302828618968387,0.011647254575707155,0.3685524126455907,0.07811612731997418,0.0419212093467507,a1570a43,human
5.205882352941177,0.9705882352941176,0.3277310924369748,0.29411764705882354,0.27941176470588236,0.33613445378151263,0.3277310924369748,0.20798319327731093,0.16310022552144401,0.059261808584742864,a3df8b1e,human
4.971671388101983,0.9974819011646208,0.9134403525338369,0.52219074598678,0.5716084356310985,0.03871576959395656,0.03871576959395656,0.6395971041863393,0.046121417896293294,0.04382361786770571,baf41dbf,human
4.899092970521542,0.9058956916099773,0.31179138321995464,0.2687074829931973,0.2709750566893424,0.6836734693877551,0.5918367346938775,0.2687074829931973,0.36840455626676416,0.20917507457126908,bcb3040b,human
4.467598475222363,0.9987293519695044,0.9682337992376112,0.37738246505717915,0.39390088945362134,0.28716645489199494,0.28589580686149935,0.6709021601016518,0.45099368277586505,0.4114440414160812,c0f76784,human
4.778865979381443,0.7855670103092783,0.4036082474226804,0.39484536082474225,0.3541237113402062,0.07835051546391752,0.05567010309278351,0.16494845360824742,0.0671794757675722,0.0142025364494782,c444b776,human
5.312302839116719,0.9873817034700315,0.4195583596214511,0.22397476340694006,0.26813880126182965,0.0473186119873817,0.04100946372239748,0.6656151419558359,0.23187496870462168,0.19264558609984475,c8f0f002,human
3.678740444120859,0.985802693847834,0.5467783036039315,0.7588278121587186,0.49217327994175464,0.36585365853658536,0.35711685475063704,0.19093556607207862,0.29086153941891907,0.015131228911738511,ca8f78db,human
3.226732673267327,0.996039603960396,0.8297029702970297,0.8198019801980198,0.3712871287128713,0.01485148514851485,0.01485148514851485,0.05742574257425743,0.010377938892790376,0.004843157741976585,ce9e57f2,human
4.653061224489796,0.8030612244897959,0.2336734693877551,0.22346938775510203,0.2316326530612245,0.4030612244897959,0.2673469387755102,0.3357142857142857,0.19153170742880535,0.1062649521704528,d364b489,human
2.837795275590551,0.9779527559055118,0.8330708661417323,0.7716535433070866,0.48976377952755906,0.03622047244094488,0.025196850393700787,0.3480314960629921,0.05133609733989922,0.03492939198541206,d43fd935,human
3.1345755693581783,0.9026915113871635,0.7412008281573499,0.39544513457556935,0.20082815734989648,0.6190476190476191,0.5383022774327122,0.36024844720496896,0.3762483031116572,0.37646027195716636,d511f180,human
8.46,0.9992857142857143,0.9428571428571428,0.3992857142857143,0.4342857142857143,0.005714285714285714,0.005714285714285714,0.5864285714285714,0.2165779794802513,0.07099811888731149,d5d6de2d,human
5.093868281604845,1.0,0.9348978046934141,0.7426192278576835,0.2611657834973505,0.4738834216502649,0.4738834216502649,0.34670704012112036,0.07739567754204907,0.052132412000025115,d9f24cd1,human
5.16375,0.9925,0.6425,0.175,0.215,0.49125,0.4875,0.4125,0.21674259271999965,0.16769089304128534,e69241bd,human
4.789256198347108,0.9917355371900827,0.4140495867768595,0.2958677685950413,0.26776859504132233,0.49173553719008267,0.48512396694214877,0.328099173553719,0.22454297321739686,0.09841719391219315,e8593010,human
3.102972399150743,0.7717622080679406,0.5923566878980892,0.37685774946921446,0.37579617834394907,0.30042462845010615,0.173036093418259,0.4129511677282378,0.3136712956776651,0.2989821927143473,ecaa0ec1,human
4.824382716049382,0.9873456790123457,0.5679012345679012,0.5641975308641975,0.508641975308642,0.20123456790123456,0.195679012345679,0.23981481481481481,0.1398544160040154,0.03449103203229552,fe9372f3,human
