task_id,n_subjects,n_edits_mean,n_reset_mean,n_showex_mean,n_hideex_mean,used_copy_mean,mean_rt_ms_mean,total_time_ms_mean,color_run_mean_mean,color_run_max_mean,spatial_run_mean_mean,adjacency_rate_mean,mean_step_mean,within_obj_rate_mean,unique_colors_mean,row_major_corr_mean,col_major_corr_mean,best_scan_corr_mean,extension_rate_mean,new_seed_rate_mean,stamp_burst_rate_mean,stamp_burst_cells_mean,same_color_component_count_mean,same_color_component_mean_mean,same_color_component_max_mean,scan_row_major_rate,scan_col_major_rate,first_action_copy_rate,first_action_reset_rate,first_action_showex_rate
00d62c1b,189,37.10582010582011,1.0158730158730158,1.380952380952381,1.380952380952381,0.9365079365079365,600.5152860892264,23489.352227501502,29.252975030168013,33.41798941798942,3.8946629703181395,0.7521526575276269,1.895639675347286,0.7476808908906658,1.2804232804232805,0.08769789572853612,0.5825189062470354,0.574124088871735,0.7339067473342452,0.2660932526657547,0.6767914080015343,24.978835978835978,8.592592592592593,4.106661464701492,15.296296296296296,0.2698412698412698,0.7195767195767195,0.0,0.9947089947089947,0.0
00dbd492,197,105.14213197969544,1.0456852791878173,3.1116751269035534,3.1065989847715736,0.934010152284264,442.1984076228901,56572.457527934566,29.932239087759392,53.83248730964467,16.22339751873353,0.9194297746171036,1.3361558842414,0.9176134949082349,3.253807106598985,-0.305223627594751,0.023963871588585907,-0.2006265708589645,0.928429566463976,0.07157043353602395,0.8637098966692832,90.65482233502539,5.020304568527918,20.266668758483476,47.56345177664975,0.7157360406091371,0.28426395939086296,0.0,0.9898477157360406,0.0
0a2355a6,187,107.59893048128342,1.1122994652406417,5.219251336898396,5.219251336898396,0.9411764705882353,634.3203885934092,87071.23380214215,20.07986652123173,32.588235294117645,10.733562220939792,0.8867317588708614,1.3676481125987685,0.8820783016505244,4.304812834224599,0.05071833797286351,-0.19753973018970575,-0.17784339149267347,0.9117232032352485,0.08827679676475159,0.8046281564772358,88.3475935828877,5.705882352941177,17.91502896242201,27.422459893048128,0.18181818181818182,0.8128342245989305,0.0,0.9946524064171123,0.0
0a938d79,198,86.56565656565657,1.1616161616161615,2.2323232323232323,2.2323232323232323,0.9343434343434344,704.6230381079835,57379.1184595882,11.764355703147269,21.46969696969697,8.30616800657356,0.8601660302455989,1.6966397977624024,0.8495715433421288,2.707070707070707,0.6934161304495781,0.1047280027424025,0.6855708562957717,0.8578668294457882,0.14213317055421165,0.8543045971117409,75.96969696969697,7.94949494949495,9.723281530513212,15.954545454545455,0.9191919191919192,0.06565656565656566,0.0,0.9949494949494949,0.0
0b17323b,191,3.5916230366492146,1.0261780104712042,1.324607329842932,1.324607329842932,0.9424083769633508,3408.862428580001,7001.855089020262,2.6231239092495633,2.884816753926702,1.1457055597107952,0.07122056034778146,2.834601382290487,0.03043107060541214,1.2303664921465969,0.14243449103141098,0.15016450217756616,0.1447039668103611,0.02082329406074975,0.9791767059392502,0.021833803593889825,0.5497382198952879,3.0,1.0618866299494574,1.256544502617801,0.2094240837696335,0.015706806282722512,0.0,0.9947643979057592,0.0
0ca9ddb6,197,15.639593908629442,1.0558375634517767,3.512690355329949,3.512690355329949,0.9441624365482234,1178.6956062896477,29114.381218268296,5.150252968600551,7.451776649746193,1.3905062982535468,0.2589472305058754,2.232093640251964,0.23156337920415637,2.6395939086294415,0.4761094632878514,0.26863678806717933,0.5833097959890646,0.10294869711936018,0.8970513028806397,0.11015547013534041,1.8426395939086295,12.345177664974619,1.2764476816640344,2.9289340101522843,0.6852791878172588,0.3096446700507614,0.0,0.9898477157360406,0.005076142131979695
0d3d703e,197,10.071065989847716,1.0456852791878173,3.6395939086294415,3.6395939086294415,0.48223350253807107,1077.156169588797,19143.038624368874,3.0787955699123213,3.3401015228426396,3.225972927241963,0.7555845503556134,1.229896789905378,0.7395947471139849,3.1421319796954315,0.24166870384901037,0.33527073858133416,0.2564398893251195,0.6692179588757343,0.33078204112426585,0.7969061505150715,7.9543147208121825,3.1776649746192893,3.064861816130852,3.2233502538071064,0.9644670050761421,0.030456852791878174,0.0,0.9949238578680203,0.0
0d87d2a6,184,230.04891304347825,1.184782608695652,2.907608695652174,2.907608695652174,0.9402173913043478,467.70717667751705,125667.62108695135,101.5998478403906,161.10326086956522,10.905545153925996,0.8694715170487946,1.5565324740820288,0.8656845198710752,1.8369565217391304,0.21266203587152954,0.116084524233778,0.32687211077962386,0.9182121349849549,0.08178786501504506,0.8259710933396908,200.07065217391303,3.385869565217391,87.77676192978441,162.30978260869566,0.47282608695652173,0.5054347826086957,0.0,0.9891304347826086,0.0
0e671a1a,198,47.27272727272727,1.4242424242424243,3.8181818181818183,3.8181818181818183,0.9393939393939394,809.4881948141982,56771.39169192982,24.991735987324226,33.53030303030303,10.900706944520397,0.8821168455962861,1.4046691395419988,0.8694767843578898,1.7828282828282829,0.09131406838011795,0.058446623493470885,0.09266443208609398,0.8648497235774196,0.13515027642258023,0.7431502964083252,36.45959595959596,2.611111111111111,17.757217538796485,27.646464646464647,0.4696969696969697,0.5151515151515151,0.0,0.98989898989899,0.005050505050505051
12eac192,161,28.26086956521739,1.329192546583851,3.919254658385093,3.919254658385093,0.9440993788819876,1338.6329075076972,87003.51239131129,20.31694271911663,23.726708074534162,2.2818611590705835,0.5368330396667538,1.849918916796535,0.5225172848249069,1.4472049689440993,0.2875514874380906,0.21880263944786651,0.40907853616059164,0.517917778247006,0.48208222175299403,0.3297949459860921,10.22360248447205,9.335403726708075,2.3167292347089665,6.093167701863354,0.5403726708074534,0.4161490683229814,0.0,1.0,0.0
1a07d186,188,29.904255319148938,1.101063829787234,1.8351063829787233,1.8351063829787233,0.925531914893617,2023.9818358758855,58629.787441480104,4.500572320184336,12.25531914893617,1.5014034617107304,0.18814403038703453,7.188967516561196,0.1684630963580802,3.882978723404255,0.296417515524203,0.15567061164744653,0.3250190513250391,0.1720442311090089,0.8279557688909912,0.13230805692878073,8.351063829787234,17.96276595744681,1.6388602931106198,4.4787234042553195,0.7021276595744681,0.28191489361702127,0.0,0.9946808510638298,0.0
1b60fb0c,192,21.604166666666668,1.2239583333333333,2.1770833333333335,2.1770833333333335,0.9583333333333334,3360.000159765801,83762.12596875265,8.389855063004735,12.802083333333334,3.671535878762441,0.7422853697900539,1.3900963875992336,0.6845508954144313,1.7760416666666667,-0.10370913138496751,0.0767938078229965,-0.03203313131965929,0.8330200795115218,0.16697992048847818,0.277614399344235,6.671875,2.4114583333333335,7.601909722222222,11.505208333333334,0.4895833333333333,0.4947916666666667,0.0,0.9947916666666666,0.0
1bfc4729,184,63.20108695652174,1.0271739130434783,2.385869565217391,2.385869565217391,0.8858695652173914,521.1645822267044,32816.971527191505,20.877652691511386,29.418478260869566,8.335762544414239,0.8638924572745267,1.6025214269738686,0.8567228025642794,2.347826086956522,0.15967735221719354,0.49772702724567003,0.5055676930304437,0.9069468551720306,0.09305314482796936,0.8124940498368945,52.255434782608695,2.6684782608695654,22.64844056909274,27.29891304347826,0.059782608695652176,0.9293478260869565,0.0,1.0,0.0
1c02dbbe,193,140.28497409326425,1.0621761658031088,1.7875647668393781,1.7875647668393781,0.9430051813471503,471.83305873365714,62485.00398444673,21.576483799312204,43.373056994818654,9.12782100809815,0.8607855008370329,1.5753987919768178,0.8584818990506963,5.1450777202072535,0.24636748067189576,0.39548530923329206,0.5397027395982515,0.8729192618713016,0.1270807381286984,0.8278140404894683,119.43005181347151,11.7720207253886,11.436467762080662,37.81347150259067,0.33678756476683935,0.6580310880829016,0.0,0.9948186528497409,0.0
1c0d0a4b,185,86.80540540540541,1.0756756756756756,2.081081081081081,2.081081081081081,0.918918918918919,825.2108560516536,67375.56181621968,30.46337516087516,49.23243243243243,3.0287221524777284,0.6475786072945222,1.706664929294903,0.6392353074343529,2.0216216216216214,0.07284122034418708,0.3089915493765135,0.35658048966888956,0.5723395379363347,0.42766046206366515,0.47051236010914355,44.24864864864865,30.84864864864865,2.5600839421338146,14.616216216216216,0.2648648648648649,0.7135135135135136,0.0,1.0,0.0
1caeab9d,186,37.47849462365591,1.3763440860215055,2.575268817204301,2.575268817204301,0.9139784946236559,1172.2138024480264,52319.82083871364,6.07938753257776,11.60752688172043,4.690080783227817,0.7752535428371229,1.5528548229075358,0.742162538041013,3.370967741935484,0.30895825830074786,-0.03335569045303665,0.31523438076172655,0.694632117190391,0.30536788280960886,0.6632217943113701,26.295698924731184,8.274193548387096,3.890250206782465,8.225806451612904,0.6182795698924731,0.3548387096774194,0.0,0.9946236559139785,0.0
1e0a9b12,191,11.465968586387435,1.1465968586387434,1.3350785340314135,1.3350785340314135,0.743455497382199,2016.8319786097031,25597.34772773984,1.5598158642337783,3.1256544502617802,3.4656148399388313,0.5250039540491208,1.9612689666553489,0.2544229023371379,5.602094240837697,0.6431943481378058,0.22405946122648449,0.5878602616988972,0.26266023535456207,0.737339764645438,0.12516245984222754,1.6020942408376964,7.7591623036649215,1.5128276174087694,2.9476439790575917,0.806282722513089,0.18324607329842932,0.0,0.9895287958115183,0.0
1e32b0e9,186,71.05376344086021,1.2043010752688172,4.629032258064516,4.629032258064516,0.9193548387096774,843.6015902158514,79429.72005914549,34.925250436540765,52.32258064516129,3.997730214654077,0.7331251881816914,1.9706144964562815,0.7228914798613643,1.8440860215053763,0.23051291739244906,0.39588857352855605,0.5462150917280022,0.7252994590503813,0.27470054094961865,0.6449494077286,48.88172043010753,14.344086021505376,4.303680321968382,10.779569892473118,0.46774193548387094,0.510752688172043,0.0,0.9946236559139785,0.0
1f0c79e5,194,41.01030927835052,1.5,5.525773195876289,5.510309278350515,0.9278350515463918,1308.5795171875882,111139.84746907269,20.09014426295354,29.628865979381445,5.274633523201557,0.7909254781862033,1.3681245262276143,0.7633934467396304,1.7731958762886597,-0.06031734330398653,0.13733305598714474,0.10016928688823508,0.8398918922361965,0.1601081077638034,0.49673740573407404,20.912371134020617,2.654639175257732,14.086579686064223,22.128865979381445,0.5515463917525774,0.44329896907216493,0.0,0.9948453608247423,0.0
1f642eb9,191,11.675392670157068,1.0418848167539267,1.5287958115183247,1.5287958115183247,0.9214659685863874,2381.4945001866986,25173.30736648303,1.432675905947387,4.036649214659686,1.6534832688972947,0.3726106964348709,1.9571293831904857,0.08524667096020842,6.06282722513089,0.04836390037640055,0.36336827525976306,0.31658981222003585,0.0936111488657173,0.9063888511342827,0.06378646202368915,2.3664921465968587,8.188481675392671,1.230585620364647,2.8534031413612566,0.49214659685863876,0.4816753926701571,0.0,0.9895287958115183,0.0
1f876c06,199,15.949748743718592,1.0251256281407035,1.4321608040201006,1.4321608040201006,0.9547738693467337,1490.3731636046139,24864.887924625084,2.9394331068806387,5.351758793969849,2.8406093036598508,0.6828799665324283,2.007439437932914,0.6608502159274986,5.165829145728643,0.06714890380862074,0.41029440698230163,0.29938454727534863,0.060777366262172706,0.9392226337378273,0.24022805523067856,3.7688442211055277,14.447236180904522,1.1340969115845787,1.7939698492462313,0.46733668341708545,0.5326633165829145,0.0,1.0,0.0
21f83797,194,113.26288659793815,1.3041237113402062,2.2268041237113403,2.2268041237113403,0.9329896907216495,490.02233189376886,56580.213381451664,36.509871904088094,57.5360824742268,9.205484799941765,0.8758569516330921,1.5328427687342663,0.8679039727119441,2.4948453608247423,0.15355534977053953,0.08543832895065201,0.1786550995929965,0.904953733950303,0.09504626604969704,0.8254263052887942,96.74226804123711,4.319587628865979,25.814738511774596,47.845360824742265,0.5360824742268041,0.4587628865979381,0.0,0.9948453608247423,0.0
23581191,195,50.246153846153845,1.2461538461538462,2.7435897435897436,2.7435897435897436,0.9333333333333333,885.6488658782348,53657.71096410458,10.055319371009416,21.22051282051282,4.096245367547863,0.7268929218650182,1.8192182999037787,0.7058408902804844,3.3025641025641024,-0.02632553010771353,0.2062032074617768,0.1857132804572896,0.7456825165093024,0.25431748349069755,0.642056567359161,34.656410256410254,8.051282051282051,5.624056776556777,16.015384615384615,0.3487179487179487,0.6358974358974359,0.0,1.0,0.0
2546ccf6,193,25.29015544041451,1.072538860103627,1.217616580310881,1.217616580310881,0.9533678756476683,1905.4880460972784,39060.761170984646,5.489049422080511,8.818652849740932,3.23560759340167,0.7115128711520212,2.804144797394634,0.679105778728185,3.378238341968912,0.05655334891489464,0.5522788697783075,0.6171508573484823,0.6145651545693266,0.3854348454306734,0.22537149316984126,9.357512953367875,6.316062176165803,3.0754951147317886,9.378238341968911,0.3160621761658031,0.6683937823834197,0.0,0.9896373056994818,0.0
2bcee788,185,95.6054054054054,1.2324324324324325,2.708108108108108,2.708108108108108,0.918918918918919,769.4414758806541,47491.082405407135,42.46144787644788,87.4054054054054,20.19043768807058,0.9022342886199302,1.1685753175378013,0.8841512135438369,2.0594594594594593,0.11976769961714485,0.2904291227195379,0.35905243672820736,0.9047927669565217,0.0952072330434782,0.7316450966302291,84.38378378378378,2.427027027027027,35.79746246246246,71.93513513513514,0.41081081081081083,0.572972972972973,0.0,0.9945945945945946,0.0
2bee17df,176,106.4034090909091,1.3181818181818181,3.153409090909091,3.153409090909091,0.9318181818181818,571.2057675065194,76868.48042613134,54.743794888823295,80.5909090909091,10.438237489276906,0.8621167578540806,1.548106099598175,0.8573244252245634,1.7386363636363635,0.07371959107060312,0.09163681062929317,0.10104710074171175,0.8934645396494851,0.10653546035051485,0.8162404164140514,91.1875,2.772727272727273,42.306146820351366,68.01704545454545,0.5,0.48863636363636365,0.0,0.9943181818181818,0.0
2c608aff,191,47.225130890052355,1.057591623036649,1.7539267015706805,1.7539267015706805,0.9424083769633508,729.1430760110662,26635.682712046084,20.38640513064597,35.58115183246073,3.754350909234029,0.7339762802876398,2.284534730684488,0.7232919065052259,1.4031413612565444,-0.0375340385263216,0.5453301958766757,0.5774432483640488,0.7075784263976841,0.2924215736023161,0.7169280362112134,34.95811518324607,6.492146596858639,4.740873523241865,16.581151832460733,0.21465968586387435,0.7801047120418848,0.0,0.9947643979057592,0.0
2dd70a9a,196,18.862244897959183,1.1785714285714286,1.9846938775510203,1.9846938775510203,0.9285714285714286,816.8529332953509,22040.46297447424,13.322042031098151,15.255102040816327,9.71838793873667,0.9129660787429822,1.1877720490787431,0.8997765334238623,1.3622448979591837,0.3922559940180274,-0.4750092792490687,-0.25388158366219643,0.8638841074035729,0.1361158925964271,0.7189766947779682,12.826530612244898,2.2193877551020407,11.633616043820126,13.964285714285714,0.3010204081632653,0.6887755102040817,0.0,0.9846938775510204,0.0
32597951,190,17.736842105263158,1.105263157894737,1.6263157894736842,1.6263157894736842,0.9526315789473684,1104.5637735588066,18296.674057888584,10.370135788387376,13.478947368421053,2.2171801883026445,0.5594787853946049,1.697244421965393,0.5441023968473943,1.236842105263158,0.31784751168104003,0.26147004341636465,0.5279876940264003,0.07471207165538137,0.9252879283446187,0.1288900920788074,5.963157894736842,9.910526315789474,1.3764435572130376,3.857894736842105,0.48947368421052634,0.5052631578947369,0.0,1.0,0.0
3aa6fb7a,196,4.836734693877551,1.0051020408163265,1.1326530612244898,1.1326530612244898,0.9387755102040817,992.1405427459975,3599.9358877589675,4.2246112730806615,4.448979591836735,1.1423894557823129,0.05451825296078787,3.17642967189154,0.043523504184084204,1.1122448979591837,0.15562029651757647,0.18953635544864142,0.637698321744177,0.04596376144442739,0.9540362385555727,0.031526840059332005,0.3979591836734694,4.1938775510204085,1.140717120181406,1.239795918367347,0.5255102040816326,0.4744897959183674,0.0,1.0,0.0
3ac3eb23,192,25.770833333333332,1.0208333333333333,1.7291666666666667,1.7291666666666667,0.9375,1420.4097295186964,23579.80804688345,6.76155200413013,8.375,2.0059269577322247,0.49134287162597934,1.6872317151399647,0.46218840176066966,3.40625,0.8296320097261808,0.4640893059195726,0.8376112587380384,0.08946670416312842,0.9105332958368715,0.2048156798803623,5.161458333333333,22.75,1.19625597265239,2.8854166666666665,0.9791666666666666,0.015625,0.0,0.9947916666666666,0.005208333333333333
3befdf3e,186,72.41397849462365,1.032258064516129,4.172043010752688,4.172043010752688,0.9032258064516129,728.0748545183334,128514.3870967768,16.917281434216918,37.24731182795699,7.175694205489721,0.8542146344233889,1.3425728729378745,0.8308687839894318,2.317204301075269,0.4242311832945461,0.4824545622653462,0.48209043240197136,0.812081127111428,0.18791887288857198,0.7890923216530016,57.59139784946237,11.559139784946236,6.08750923421227,15.35483870967742,0.34408602150537637,0.6505376344086021,0.0,0.9946236559139785,0.0
3eda0437,187,18.513368983957218,1.0748663101604279,2.4010695187165774,2.4010695187165774,0.9411764705882353,915.2868583723018,46334.84715507506,12.469518716577541,15.288770053475936,7.744067761261128,0.9134949895685835,1.3549733618547086,0.9042631904394782,1.320855614973262,0.21033836385747384,0.08373516493766615,0.2579180442235679,0.8498189868519103,0.15018101314808982,0.7528001857041626,13.310160427807487,2.197860962566845,7.988701450065086,9.759358288770054,0.6310160427807486,0.35294117647058826,0.0,1.0,0.0
4258a5f9,189,41.285714285714285,1.0158730158730158,1.3703703703703705,1.3703703703703705,0.9312169312169312,475.22895687008264,18556.635248672734,33.95922146636432,38.370370370370374,7.052145473574046,0.8632387154008841,1.297492633994639,0.8581094571897077,1.3015873015873016,0.5201690868371104,0.5543179947706913,0.7884761890106967,0.8813520363773508,0.1186479636226491,0.8351172741447102,34.96296296296296,2.502645502645503,17.662263794406652,31.423280423280424,0.5132275132275133,0.48148148148148145,0.0,0.9947089947089947,0.0
42a15761,169,31.78698224852071,1.106508875739645,1.863905325443787,1.863905325443787,0.9112426035502958,2793.4640970540086,51151.19764495401,8.203986128250834,17.443786982248522,1.6273987312148979,0.20051398056520667,3.8511608674814712,0.16686607926947045,1.9940828402366864,0.50239891583633,-0.1436099262434058,0.36449318173812284,0.17742270177426409,0.8225772982257358,0.14131598537426907,16.692307692307693,11.284023668639053,2.1131986105063483,8.307692307692308,0.7337278106508875,0.22485207100591717,0.0,1.0,0.0
4b6b68e5,188,193.75,1.053191489361702,2.606382978723404,2.606382978723404,0.9414893617021277,483.70895622601887,100427.35334575073,38.9818475924194,57.361702127659576,10.678478433199093,0.8585770620642856,1.685385037635734,0.8572164654419255,4.170212765957447,0.1567117231404209,0.4328307880356728,0.486636338897413,0.8714132349338968,0.1285867650661033,0.8124379546078991,162.92021276595744,15.430851063829786,12.050561791518925,47.819148936170215,0.31382978723404253,0.6648936170212766,0.0,0.9946808510638298,0.0
5168d44c,191,14.884816753926701,1.094240837696335,1.6230366492146597,1.612565445026178,0.9424083769633508,1250.9606804405857,18058.045465973264,5.486878130595407,6.345549738219895,4.67379269797364,0.8043864892148477,1.3356132186085048,0.7862218990543638,2.1099476439790577,-0.2125003625024108,0.15468830563999103,-0.20416839362285,0.7604471965186484,0.23955280348135152,0.5819754432480816,8.523560209424083,2.869109947643979,5.342531050973459,6.387434554973822,0.9424083769633508,0.05235602094240838,0.0,1.0,0.0
55783887,172,46.26162790697674,1.430232558139535,3.854651162790698,3.854651162790698,0.9534883720930233,1350.061439302759,79995.23497675029,11.011351302121652,28.819767441860463,3.8636130555279284,0.713977898409169,1.9609902437788813,0.6862912548779928,2.563953488372093,0.059913157304452486,0.09517823873795142,0.1166521756455002,0.1634817015417238,0.8365182984582761,0.3270059750650924,19.6453488372093,26.912790697674417,2.099678258862731,11.05232558139535,0.6046511627906976,0.38953488372093026,0.0,0.9941860465116279,0.0
5c0a986e,200,9.63,1.115,2.19,2.19,0.93,1319.413741606844,17648.197025008714,3.520593253968254,4.31,3.1376650432900433,0.7589802426124526,2.155517160492026,0.715919679285171,2.38,0.11464877235538054,0.15013172781610906,0.17376457267163192,0.1249886173914441,0.8750113826085558,0.402951699916355,3.895,7.57,1.3933859875504613,2.145,0.095,0.895,0.0,0.995,0.0
6455b5f5,185,100.08108108108108,1.1027027027027028,2.902702702702703,2.902702702702703,0.9513513513513514,355.96522193221205,57441.49671350355,38.222908622908626,72.15675675675676,15.174147801735765,0.9071861640959884,1.2767930851245035,0.9057413518678811,2.3135135135135134,0.09403007730345052,0.2823446109382753,0.33491321821151815,0.9063833649124893,0.09361663508751059,0.9111946273128207,93.76756756756757,5.064864864864865,17.096129066129066,56.94054054054054,0.2648648648648649,0.7135135135135136,0.0,1.0,0.0
69889d6e,189,23.396825396825395,1.1746031746031746,4.116402116402116,4.116402116402116,0.9206349206349206,1324.2695283404028,73702.32044445229,14.445138459424173,18.391534391534393,9.89914852412518,0.9030621689876309,1.2207039149209018,0.8740629647258521,1.492063492063492,0.6881870811877097,-0.5757452802745336,0.5416913794312606,0.8408571656600056,0.15914283433999435,0.28682456921363747,7.211640211640212,2.4761904761904763,11.825537821966394,16.38095238095238,0.7936507936507936,0.20634920634920634,0.0,1.0,0.0
6a1e5592,190,77.11578947368422,1.1578947368421053,2.2842105263157895,2.2842105263157895,0.9421052631578948,743.9282823011393,57990.66904211811,26.8240876313591,42.084210526315786,8.091872214995998,0.8590389403102644,1.4560504172983255,0.8518289446963302,2.1894736842105265,0.27263968420825085,0.5071626923996644,0.5025366635345413,0.8873629768474036,0.1126370231525963,0.7476970022494063,59.56842105263158,5.4526315789473685,12.41609231411863,29.28421052631579,0.2,0.8,0.0,1.0,0.0
6d58a25d,181,56.651933701657455,1.160220994475138,1.5359116022099448,1.5359116022099448,0.9613259668508287,498.5527788210655,22265.786187848807,40.163421906515836,50.48066298342541,10.438209884353187,0.8649671436830006,1.5550603252000261,0.8602174706676196,1.4475138121546962,0.3741331390388867,0.2653105164209491,0.4611177756602035,0.8837388907260788,0.11626110927392123,0.8317569224269766,48.67955801104972,4.0497237569060776,16.251993297648887,32.41988950276243,0.8342541436464088,0.16574585635359115,0.0,1.0,0.0
6ea4a07e,199,8.457286432160805,1.1055276381909547,2.472361809045226,2.472361809045226,0.6834170854271356,966.8333185530415,7308.712361812167,4.506951423785595,5.035175879396985,2.8401172529313237,0.7308718377887755,1.2614487115669497,0.7192246212420614,1.7889447236180904,0.20238178601309376,0.5368346820104617,0.5322965575466216,0.62941825918506,0.3705817408149401,0.33321728970914805,3.2060301507537687,2.798994974874372,2.9069274946159367,4.331658291457287,0.12562814070351758,0.8693467336683417,0.0,0.9949748743718593,0.0
73251a56,187,81.73262032085562,1.2192513368983957,4.2994652406417115,4.2994652406417115,0.9518716577540107,2856.180086751566,269340.7609251431,7.0122293633020245,28.106951871657753,4.661539260139664,0.7801254874332693,2.042528017898115,0.6999540190002077,4.614973262032086,-0.22857129263645753,0.008592030125979113,-0.15630738962707166,0.7133304792458447,0.2866695207541552,0.4329262337599513,38.39572192513369,16.550802139037433,3.8065709235672895,15.614973262032086,0.5935828877005348,0.3850267379679144,0.0,1.0,0.0
73c3b0d8,172,12.755813953488373,1.1569767441860466,3.1686046511627906,3.1686046511627906,0.9302325581395349,1996.8869331186252,42433.03027906285,3.3599867025739125,5.4186046511627906,2.2590886409272364,0.5059020205414653,2.5008941451873783,0.3265699876104012,1.994186046511628,0.1730828305244825,-0.09750326330560467,-0.007760627879150083,0.2065125025704426,0.7934874974295575,0.11881642958412224,2.5174418604651163,7.796511627906977,1.64392861233234,3.36046511627907,0.31976744186046513,0.6395348837209303,0.0,1.0,0.0
7447852a,193,27.357512953367877,1.1709844559585492,2.5906735751295336,2.5906735751295336,0.9481865284974094,1035.1602544312473,38842.935191713004,20.10528209556707,23.253886010362695,3.785422507121587,0.7487286217896375,1.9038901181447079,0.73825377799282,1.310880829015544,0.8540628578279493,0.2976166630557452,0.8626641988247447,0.6845674600960311,0.3154325399039689,0.5556767343514651,15.191709844559586,7.072538860103627,3.5447572709845154,4.647668393782383,0.9585492227979274,0.031088082901554404,0.0,0.9948186528497409,0.0
74dd1130,173,11.531791907514451,1.3757225433526012,2.647398843930636,2.647398843930636,0.5664739884393064,2594.707823789828,35535.5020173464,2.6268709217791164,3.867052023121387,3.1791970072316893,0.7075947347397735,1.2633755644879288,0.5091607930583636,2.994219653179191,0.1748514684633643,0.28880275825781204,0.3093550912796978,0.5258096682698267,0.4741903317301733,0.34183328579878924,4.855491329479769,4.161849710982659,2.387063033305808,4.098265895953757,0.2832369942196532,0.6994219653179191,0.0,1.0,0.0
7df24a62,188,47.723404255319146,1.122340425531915,1.6542553191489362,1.6542553191489362,0.9574468085106383,930.1052935167799,42235.7030691572,29.122624113475183,36.808510638297875,8.671634124076023,0.8479962551636178,1.4617545994642895,0.8412856608202883,1.5212765957446808,0.5024808821331831,0.6139045187415639,0.6155383244600864,0.8696097994646051,0.13039020053539482,0.6355036639849865,30.76063829787234,3.6595744680851063,15.637562050452404,22.079787234042552,0.22872340425531915,0.7606382978723404,0.0,0.9946808510638298,0.0
82819916,183,35.71584699453552,1.1092896174863387,1.819672131147541,1.819672131147541,0.9234972677595629,2037.6001819885867,74512.50525684221,4.088752628954522,6.360655737704918,1.8194702390236395,0.29726345722836733,2.5117633953513985,0.21871134407760576,5.109289617486339,0.25419609689792516,0.67445731034301,0.6914976027025038,0.2702156974518094,0.7297843025481907,0.06676368311542036,3.081967213114754,22.229508196721312,1.844237403363004,3.7923497267759565,0.08743169398907104,0.912568306010929,0.0,0.9890710382513661,0.0
834ec97d,191,33.05759162303665,1.193717277486911,3.7539267015706805,3.7539267015706805,0.9109947643979057,901.3891368681968,49763.58718848861,10.452894691114585,22.460732984293195,3.1394192521151023,0.6630633333861287,1.733122249297955,0.6137395265197171,2.450261780104712,0.2823104213116113,0.16893355050232153,0.37316664379186393,0.6830949785414161,0.316905021458584,0.6084673620451696,21.596858638743456,7.12041884816754,4.499018230170063,8.55497382198953,0.5863874345549738,0.39267015706806285,0.0,0.9947643979057592,0.0
8cb8642d,174,175.63793103448276,1.0919540229885059,4.522988505747127,4.522988505747127,0.9367816091954023,771.4071686141124,149284.24892528338,23.884809972871267,94.91954022988506,6.935262372759664,0.8079082096185949,1.7966710925408418,0.7907781907325777,4.591954022988506,0.3500314072248619,0.12634063844277835,0.4853477529304985,0.6989054474687111,0.3010945525312891,0.5894510442424402,115.74712643678161,33.87931034482759,4.72869566500458,38.770114942528735,0.735632183908046,0.25287356321839083,0.0,1.0,0.0
90f3ed37,195,19.16923076923077,1.0769230769230769,1.764102564102564,1.764102564102564,0.9333333333333333,658.247239896386,14238.401117953868,12.796825396825396,15.497435897435897,5.347411333041211,0.8255807755893592,1.39742486457843,0.8178096734138838,1.3435897435897435,0.4102020904430003,0.6739321283220889,0.6910147616334843,0.7832898744085247,0.21671012559147523,0.7946261024991066,15.364102564102565,2.641025641025641,6.50546805046805,9.025641025641026,0.10256410256410256,0.882051282051282,0.0,0.9897435897435898,0.0
93b581b8,193,15.305699481865284,1.0362694300518134,2.621761658031088,2.621761658031088,0.9378238341968912,1664.5641327928354,30959.964559595395,3.067978351527574,4.580310880829016,3.0923513446829514,0.7148469440485027,1.7455818815836124,0.6757520755794161,4.259067357512953,-0.018596002676199416,-0.018948637405337258,-0.04769697838678032,0.6511750865338028,0.3488249134661973,0.49538123258089894,7.730569948186528,5.051813471502591,2.9882533988751607,4.253886010362694,0.48704663212435234,0.5077720207253886,0.0,0.9896373056994818,0.0
96a8c0cd,184,83.20652173913044,1.3641304347826086,4.146739130434782,4.146739130434782,0.9456521739130435,1131.0724407006194,97389.657483706,31.330425482063067,55.53260869565217,16.832082503995434,0.8974785437996549,1.348700572069474,0.87959400912451,1.9891304347826086,0.7008524925671863,0.31049797428737647,0.6893667457684834,0.8931706226592695,0.10682937734073035,0.5192623863827208,47.005434782608695,4.728260869565218,25.81125507059011,53.766304347826086,0.9021739130434783,0.07608695652173914,0.0,1.0,0.0
9ddd00f0,178,159.41573033707866,1.1067415730337078,1.9438202247191012,1.9438202247191012,0.9438202247191011,819.4693295521496,130071.41284830285,59.493731610180724,109.78089887640449,8.179107717757889,0.8532193187427989,1.613839648876614,0.8407470730590985,1.803370786516854,0.03453712906449615,0.040656924914731794,0.048539241827723116,0.869716217916268,0.13028378208373195,0.7473460527635648,123.86516853932584,13.02247191011236,11.394626849883918,23.837078651685392,0.43820224719101125,0.550561797752809,0.0,0.9887640449438202,0.0
9dfd6313,178,21.337078651685392,1.3089887640449438,3.651685393258427,3.651685393258427,0.8539325842696629,2881.849644414753,98240.52025279737,2.6497686835850742,6.073033707865169,2.8756356381924517,0.6466436802032475,1.5778169669323359,0.5357386708362966,4.713483146067416,0.10044820210847173,0.3450464887203911,0.40449742459146315,0.5298392348042955,0.4701607651957045,0.17533703121351782,3.966292134831461,8.095505617977528,2.226633716397431,4.724719101123595,0.4044943820224719,0.5449438202247191,0.0,0.9831460674157303,0.0
a1570a43,178,25.617977528089888,1.1179775280898876,1.5786516853932584,1.5786516853932584,0.898876404494382,1612.245833654208,32541.033808995802,8.565434291380477,11.657303370786517,5.42886328434828,0.7607848931933566,1.5842435428893606,0.719634451512179,2.0730337078651684,0.26639268682788364,0.2137756081786044,0.2825103396981372,0.7075536909745522,0.29244630902544777,0.5114600511451571,15.01685393258427,4.106741573033708,7.711724184055645,11.314606741573034,0.8314606741573034,0.14606741573033707,0.0,1.0,0.0
a3df8b1e,204,12.147058823529411,1.1225490196078431,1.7450980392156863,1.7450980392156863,0.8186274509803921,946.5725023443397,13781.209343142493,8.484095860566448,10.073529411764707,8.176027077497665,0.939809749737535,1.0938723443273852,0.9067857830073917,1.3872549019607843,-0.45013851540370936,-0.8462902771493139,-0.8399928395793841,0.10492792761987267,0.8950720723801273,0.42773250643545757,5.083333333333333,9.637254901960784,1.2895846780701044,2.5,0.014705882352941176,0.9754901960784313,0.0,1.0,0.0
baf41dbf,184,85.84239130434783,1.184782608695652,3.3043478260869565,3.3043478260869565,0.9347826086956522,917.5064732496058,98187.04342935287,17.93336582916586,41.891304347826086,7.584301230464269,0.8308947695329095,1.482219211747508,0.8161419780634276,2.0434782608695654,0.221759045966202,0.014218483539918614,0.20007477862095066,0.8525884290791901,0.14741157092080975,0.7007242998687293,63.70108695652174,4.157608695652174,19.081047862161995,49.26086956521739,0.6467391304347826,0.33152173913043476,0.0,1.0,0.0
bcb3040b,186,23.231182795698924,1.1236559139784945,1.8655913978494623,1.8655913978494623,0.9408602150537635,1682.7430429222945,40212.44169354723,7.041628068540039,11.973118279569892,4.475562242443668,0.6334832834528158,1.8370250563782438,0.4871649905765131,2.236559139784946,-0.026166855648166377,0.06491940145851982,0.008824027921923112,0.08617166280436789,0.9138283371956322,0.16165742172416017,4.844086021505376,17.010752688172044,1.3176865878067776,3.327956989247312,0.7741935483870968,0.22043010752688172,0.0,0.9946236559139785,0.0
c0f76784,194,18.123711340206185,1.0103092783505154,2.345360824742268,2.345360824742268,0.9278350515463918,785.6842322123047,18997.69460309199,5.264291850760922,10.551546391752577,4.785077022061558,0.8319196086470683,1.698012212539076,0.8232076015725449,3.1804123711340204,-0.191470426845949,-0.10736475220656205,-0.1699358854001414,0.7736103082584305,0.22638969174156973,0.7696900888164739,13.685567010309278,3.5103092783505154,4.794729883518543,9.448453608247423,0.5463917525773195,0.4484536082474227,0.0,0.9896907216494846,0.005154639175257732
c444b776,187,49.57754010695187,1.0748663101604279,1.4919786096256684,1.4919786096256684,0.9411764705882353,3123.9722613626295,136056.61185026553,6.892100297961903,16.74866310160428,1.5511168079056599,0.26163576669086713,6.594881928041088,0.20076118986694835,3.641711229946524,0.05934791938593575,0.1852927146167849,0.21128792781235498,0.22215416122138942,0.7778458387786105,0.07035788790908169,7.2727272727272725,33.5668449197861,1.656758874309601,6.668449197860962,0.3315508021390374,0.6417112299465241,0.0,1.0,0.0
c8f0f002,190,8.863157894736842,1.0157894736842106,1.436842105263158,1.436842105263158,0.9263157894736842,755.9975287195222,5520.809752634626,7.858333333333334,8.136842105263158,3.2763262322472855,0.7642042695866224,1.2590826218844797,0.7582191173119964,1.194736842105263,0.44614782529450864,0.5916536293269085,0.672623566308758,0.7018358303905359,0.298164169609464,0.6205558050651692,5.342105263157895,2.4263157894736844,3.898304093567251,6.984210526315789,0.3526315789473684,0.6368421052631579,0.0,1.0,0.0
ca8f78db,190,106.37368421052632,1.0473684210526315,1.0421052631578946,1.0421052631578946,0.968421052631579,1600.6346309280937,130968.84121578242,7.578375717085754,51.98421052631579,2.1467054533078143,0.4843753242837941,3.6844268841623116,0.42823160058069093,7.8,0.19604666183103864,0.20714480365682053,0.3294533438114392,0.47228360828095817,0.5277163917190418,0.3983451644149308,53.1578947368421,41.973684210526315,2.1426378580640995,20.33157894736842,0.5210526315789473,0.47368421052631576,0.0,0.9947368421052631,0.0
ce9e57f2,200,16.295,1.01,2.78,2.78,0.905,1640.7491616262996,38272.99719500113,10.113172619047619,13.02,2.8237070845820846,0.6517522262694899,1.6347681413019195,0.6314434720843494,1.53,0.09432008654874881,-0.07981689818366319,0.034420862708034655,0.6373713943809676,0.3626286056190324,0.4635742577191126,8.03,4.775,3.094516025641026,5.625,0.775,0.2,0.0,0.985,0.005
d364b489,190,24.0,1.0315789473684212,3.0894736842105264,3.0894736842105264,0.9263157894736842,1532.792133481076,47497.25975789315,4.372128169885035,5.978947368421053,1.2003792631647539,0.12404394844409151,3.9685977969038206,0.030533703973340542,4.252631578947368,0.09587204531586939,0.1913080105686642,0.2166997684168986,0.0337763168965016,0.9662236831034984,0.01686068317647265,0.23157894736842105,22.821052631578947,1.088955950032379,1.5368421052631578,0.2736842105263158,0.7052631578947368,0.0,1.0,0.0
d43fd935,194,9.288659793814434,1.0463917525773196,1.5824742268041236,1.5824742268041236,0.9329896907216495,1587.3039844792022,17010.448412374306,3.793503518245786,5.670103092783505,2.4418784966465377,0.6515555669960331,1.767573242436114,0.6435531708835835,2.1752577319587627,0.3395083249885271,0.2851567230829986,0.49730223490595393,0.5708038324672884,0.4291961675327115,0.5644123469588087,4.963917525773196,3.7371134020618557,2.4234918217521306,5.242268041237113,0.38144329896907214,0.6185567010309279,0.0,0.9896907216494846,0.0
d511f180,184,8.228260869565217,1.0271739130434783,1.7934782608695652,1.7934782608695652,0.8913043478260869,1643.7707332268315,15769.454913044605,3.175862090807743,4.673913043478261,2.415366200828157,0.6499771210051447,1.4682694211327774,0.6115463112215703,2.5543478260869565,0.4046062081667078,0.42121342501696823,0.5302524087034483,0.5270183003228606,0.4729816996771393,0.2655024050993485,2.0597826086956523,3.7717391304347827,2.2095552092834696,2.9565217391304346,0.5380434782608695,0.42391304347826086,0.0,0.9945652173913043,0.005434782608695652
d5d6de2d,201,58.92537313432836,1.109452736318408,1.4129353233830846,1.4129353233830846,0.8756218905472637,475.3844576174594,23783.998313419248,27.940464344941955,33.02985074626866,12.029098705984016,0.918832655134736,1.2520282397880043,0.9151948479220626,1.9402985074626866,0.06492709521098801,0.12013549269562551,0.14876192130560584,0.913338399013208,0.08666160098679207,0.8589316607598014,51.66169154228856,3.8059701492537314,14.401978204217011,25.676616915422887,0.43283582089552236,0.5621890547263682,0.0,0.9950248756218906,0.0
d9f24cd1,194,34.68556701030928,1.0721649484536082,1.8453608247422681,1.8453608247422681,0.9536082474226805,648.2638009051509,23707.58068556454,25.8827892325315,30.144329896907216,7.237283213636305,0.8517114081781106,1.5844437769157134,0.844980433246437,1.3505154639175259,0.60289775908148,-0.22303897765586922,0.5515736887085507,0.8381311779453982,0.16186882205460185,0.7917296675000189,28.082474226804123,3.556701030927835,9.277667321224023,11.56701030927835,0.8711340206185567,0.11855670103092783,0.0,0.9896907216494846,0.0
e69241bd,183,22.57377049180328,1.0163934426229508,1.3825136612021858,1.3825136612021858,0.9398907103825137,922.577319181765,20694.111453539343,6.911839708561019,10.704918032786885,5.233573903149602,0.7924966239562454,1.4611275600133247,0.7688183981567747,3.1147540983606556,0.22024479673633066,0.6927710046133811,0.7977194773173543,0.6959543268464987,0.3040456731535014,0.5980515728791865,13.890710382513662,5.672131147540983,4.06833032033636,9.852459016393443,0.1912568306010929,0.7923497267759563,0.0,0.9836065573770492,0.0
e8593010,184,31.494565217391305,1.0326086956521738,2.4565217391304346,2.4565217391304346,0.9239130434782609,975.5203798785863,35821.190239120195,8.648335104792906,13.771739130434783,2.1368473416651166,0.5214656863938366,2.535377366368853,0.5090253910034607,3.1684782608695654,0.18001768891390374,0.1565879972048007,0.28052418824862557,0.4738714483962075,0.5261285516037926,0.35510238633370256,11.733695652173912,15.032608695652174,2.0836960339027883,5.782608695652174,0.6304347826086957,0.358695652173913,0.0,1.0,0.0
ecaa0ec1,176,16.607954545454547,1.1875,2.8863636363636362,2.8863636363636362,0.9204545454545454,3081.992294157346,65515.73161931434,2.9450330761410304,5.965909090909091,2.4157547648634594,0.5041619459927781,1.9158281492014841,0.36771038638512493,3.6704545454545454,-0.11684411286699149,0.282199761102172,0.23754790112357507,0.33393126186223654,0.6660687381377635,0.24510039592798846,5.8352272727272725,7.954545454545454,1.9791694022517887,4.215909090909091,0.42613636363636365,0.5454545454545454,0.0,0.9886363636363636,0.0
fe9372f3,177,88.31073446327683,1.0508474576271187,4.062146892655368,4.062146892655368,0.943502824858757,959.7807479617544,101638.91618078286,14.245427679480523,32.5819209039548,2.980656714567855,0.632771265426025,2.5966099861721115,0.601700146434349,3.694915254237288,-0.011991701573938895,0.27213779955007156,0.26069307840960493,0.3580794572796379,0.6419205427203621,0.2857115839919823,29.062146892655367,51.3728813559322,1.7106176175318646,10.112994350282486,0.15819209039548024,0.8361581920903954,0.0,0.9943502824858758,0.0
